,TERMO
0,FEITA
1,REDEA
2,RATOU
3,ZURRO
4,AZOES
5,PICUM
6,ADEJO
7,FELPA
8,BOLBO
9,PICAR
10,RAPEM
11,FARSA
12,CURVE
13,ESPIO
14,CUECA
15,NUBEA
16,IARAS
17,MORRE
18,XEQUE
19,GORJA
20,SEZAO
21,ASSES
22,NISSO
23,DESCO
24,ORINA
25,MUDEI
26,ALUNO
27,GRILA
28,ESPIR
29,COREM
30,POUND
31,SOTAO
32,UNHAR
33,VALER
34,MOGER
35,ITAJA
36,ACABA
37,DAMAS
38,CIOBA
39,PLUDA
40,SEVOU
41,BRISA
42,IMOLE
43,FEIOS
44,PENES
45,CAMAL
46,NINAR
47,PLUMA
48,AGUAR
49,SOADA
50,VOILE
51,ENCHE
52,JOVEM
53,EMESE
54,RIJAO
55,PANTA
56,CASOU
57,CICLO
58,LUAVA
59,UIVOU
60,FASTO
61,CINTA
62,UIBAI
63,CAPAR
64,PIEIS
65,MANJA
66,LESAO
67,VAGAO
68,DUREI
69,MIAIS
70,ALPES
71,LUXEM
72,SOADO
73,FUSIL
74,NOTEM
75,RILEX
76,RAFAM
77,PIROU
78,BONZO
79,ASSIS
80,PECAS
81,CRUDE
82,PUJAR
83,ITAJU
84,FALHE
85,GENRO
86,PISES
87,SLACK
88,CESSA
89,SAIRE
90,URINE
91,RESTO
92,GORAS
93,ADUBO
94,ALUDE
95,ORNAR
96,BUFAR
97,TIRAM
98,SOLHO
99,RASTO
100,POJAS
101,DIEGO
102,BUXAO
103,BUGAR
104,RUSGA
105,BECHE
106,MESAO
107,SARDA
108,NADIA
109,SOMEM
110,VISOM
111,POUPO
112,CIFRE
113,FEZES
114,KYZYL
115,SOVAS
116,BIMBO
117,LUZIO
118,BISAI
119,TAPAS
120,VOEJA
121,FERVE
122,IPERO
123,COICE
124,ACATA
125,SEDEX
126,MAURO
127,FASTA
128,CORVA
129,ATUAR
130,DUZIA
131,ACINO
132,RATES
133,ORFEU
134,ANUIU
135,VAGOS
136,REDIL
137,ACHAI
138,LEGAO
139,NELES
140,FRUIR
141,CONJA
142,GASTO
143,VITOR
144,TRUCO
145,ACUDI
146,LAIVO
147,SURFO
148,CAPAZ
149,VERBA
150,DESSA
151,PAEJA
152,REFIL
153,SEVAS
154,ESQUI
155,ALTOR
156,BISAM
157,FURTE
158,FERRY
159,DIODO
160,ADIES
161,BENIM
162,CHITA
163,TRENS
164,MERME
165,ALBOI
166,JAVES
167,BOMBA
168,SOFAS
169,MAMBU
170,ZLOTY
171,FASES
172,MENGO
173,REACA
174,NADEM
175,ALINA
176,BALBO
177,CELTA
178,CURIA
179,ROBOT
180,VIMOS
181,BELEM
182,CALOM
183,PAMPA
184,AONIA
185,LIDAS
186,GINOS
187,AMIAL
188,BANJO
189,PIFAR
190,ORIAO
191,MEIGO
192,GERIA
193,FELEO
194,OUGAR
195,ACOEI
196,MOTEL
197,SOLHA
198,SIPAM
199,AUTOR
200,POBRE
201,DONOS
202,SOBPE
203,LISTO
204,OBREI
205,BUGUE
206,XARDO
207,EBANO
208,CERRA
209,CHOPE
210,COUBE
211,ATRIL
212,ENVIO
213,CIGAS
214,SUADO
215,BLICA
216,TEITO
217,FIAPO
218,FORES
219,VOTAR
220,FOINA
221,FERMI
222,AMARA
223,DINAS
224,FURAM
225,CUNCA
226,RONCO
227,BUCIL
228,DIABA
229,PRIMA
230,FOICE
231,SADAO
232,POLIS
233,ABAJU
234,IRMAO
235,LANCO
236,PLENA
237,GOSTO
238,POLAS
239,OROBO
240,GALLO
241,ZORRO
242,JACOB
243,BUSAO
244,AJUDO
245,CUBAR
246,FUMEM
247,JARDA
248,GAMER
249,KUMEL
250,JOGOS
251,COZEU
252,DILUA
253,NEVOA
254,BRUNE
255,SUJEM
256,CHAMA
257,BOTEM
258,TOQUE
259,BINGO
260,SARGA
261,MUANA
262,PUXAR
263,GRAVO
264,JIQUI
265,ARERE
266,FRISO
267,CELIA
268,UTERO
269,COTIA
270,BANCO
271,MAMIS
272,DACHA
273,XIITA
274,LATAO
275,DURES
276,RAION
277,BRADO
278,GULIM
279,LETAL
280,SPORT
281,JOULE
282,BRUTO
283,PLANA
284,RENAN
285,VANDO
286,IVOTI
287,JURES
288,VEDRO
289,GAMES
290,FASOR
291,FOFOU
292,GALAM
293,TULIA
294,PAOLA
295,MATES
296,ZUNIR
297,PISCO
298,VASOS
299,JOSTA
300,ACUAM
301,JURAS
302,PROCE
303,MONJA
304,BRICA
305,LIDAR
306,ORLAS
307,DISTO
308,TREPA
309,RUIVO
310,CITAM
311,CARTA
312,CALCA
313,ENZOS
314,LIBIA
315,RELHO
316,RUADA
317,AFARO
318,PRESA
319,TOPAS
320,ALANO
321,ZOIRA
322,GALGO
323,RECTO
324,SEGRE
325,GRITA
326,BLAST
327,OUROS
328,ROMAI
329,FICAR
330,SISMO
331,LIBAM
332,PASSO
333,SOVAI
334,ABRIS
335,XEBRE
336,ENZAS
337,GANES
338,PAGAR
339,VESTA
340,BEIJU
341,PARIO
342,CORAR
343,TRIAL
344,CHUPA
345,TELOS
346,FOLHO
347,ABRIU
348,PONTE
349,SHORT
350,ALVEO
351,RUMEI
352,SELIM
353,GRELO
354,TALHA
355,ASNOS
356,GAIOS
357,POLAR
358,DEDOS
359,TAXEI
360,PUTAS
361,TIBIA
362,LEQUE
363,JUCAS
364,ALIAS
365,BIOTA
366,MACAS
367,ABAJA
368,ARPAO
369,PUBIS
370,INALA
371,RUGBI
372,CAFRA
373,BONGO
374,SUAJO
375,TOJAL
376,PIRAR
377,FAZIA
378,MOXAO
379,HINDU
380,BEIRA
381,ERREM
382,MIGRE
383,BRENA
384,GIROS
385,CULPA
386,TRAEM
387,GAMAO
388,TILIA
389,GROTA
390,ICONE
391,BEIJA
392,FROCO
393,SAFOS
394,JUNGO
395,ACIMA
396,GOLAO
397,KAWAN
398,MIKIR
399,TORCO
400,PRETA
401,BIRAO
402,TIRSO
403,FUMAM
404,CANTO
405,RAMAM
406,NADAS
407,TERMA
408,ANAGE
409,PAVOA
410,SONHO
411,HOTEL
412,ROSEA
413,RAIAR
414,TACHO
415,ANTEU
416,PERCA
417,TREPE
418,AVAIS
419,POITE
420,PRIME
421,FINCA
422,VARGE
423,CAMAS
424,OPCAO
425,FUNAR
426,FETAL
427,PORRA
428,LOURO
429,CRESO
430,PAIVA
431,VULTO
432,ARDIL
433,DAVAM
434,PICHE
435,GAFFE
436,PIOLA
437,CHADA
438,CRIAS
439,ACABE
440,INCHA
441,VESGO
442,VELHO
443,BRIOL
444,CHIAO
445,IMUNE
446,NUDES
447,IDAHO
448,DOGMA
449,FRONT
450,SILTE
451,BABAM
452,LASER
453,LUXOU
454,TALHE
455,NESTE
456,VOTEM
457,LERIA
458,MINHA
459,QUATI
460,PROIS
461,CREDO
462,TUNDA
463,DEUSA
464,CHIPE
465,SELIC
466,PENAR
467,FRADE
468,ALMAS
469,MIEIS
470,ACUSO
471,CABOZ
472,RIMAR
473,EQUOS
474,EMANO
475,LUVAS
476,ADITO
477,HUSMA
478,BRABO
479,BESTE
480,JEJUO
481,PARCA
482,PECAR
483,TWEED
484,JOICE
485,CAIDA
486,SKIFF
487,ZUPAR
488,FARRA
489,GOZAR
490,SACRO
491,ERETO
492,AMEIA
493,BOTON
494,EFODE
495,LEGAR
496,PAREA
497,RAMOU
498,PATIO
499,SABRA
500,TOCAM
501,XAMPU
502,CALOR
503,CARMO
504,FIXAR
505,FOSCO
506,MOTTA
507,PIAUI
508,ADULE
509,SACHO
510,DIZER
511,REZEI
512,ADORA
513,SUJAI
514,CATAI
515,VISTO
516,BROTA
517,AROLA
518,ALMOS
519,CALMO
520,DINIS
521,LOICA
522,MADRI
523,EIVAR
524,ANINO
525,VIADA
526,ALBAS
527,KNYAZ
528,JALNE
529,SESMA
530,VOTAS
531,PADEL
532,ANDOA
533,CIAOS
534,MALVO
535,IGNEO
536,CURVO
537,VISAR
538,ARNAL
539,JIPAO
540,PINCA
541,NEGRA
542,SOVEI
543,PARCO
544,TOSAR
545,FELIX
546,ENCHO
547,OCARA
548,ACUDE
549,GUNGA
550,TREUS
551,XAZAM
552,TEMIA
553,ANCIA
554,AFETE
555,AORTA
556,VOCAL
557,LARVA
558,BANES
559,BIOMA
560,BLEFE
561,ARECA
562,OBREM
563,ABARA
564,VURMO
565,CITAR
566,BROAR
567,GOZES
568,MONDA
569,GARFA
570,COMBE
571,PINEL
572,TRENA
573,DAKAR
574,BANIA
575,JOVES
576,MOROU
577,HIATO
578,ITABI
579,CANHA
580,COBRO
581,COIFA
582,SOEIS
583,AMAPA
584,SADRA
585,SAREM
586,LUISA
587,HERTZ
588,SERVI
589,LEPTO
590,FADOS
591,LATER
592,DOIAS
593,EDNAS
594,BANZA
595,AUREO
596,ACOLA
597,GIRIA
598,BUSCA
599,AERAR
600,CAUDA
601,ZEILA
602,CIOSO
603,BANAS
604,SEIRA
605,MOADA
606,AREAR
607,PROAS
608,HIDRA
609,POJAR
610,BISAO
611,CHUTA
612,AECIA
613,FOFIS
614,MUAFO
615,MUNIO
616,FALOU
617,CUMIO
618,TINIR
619,DRONE
620,TUTAI
621,HAVER
622,FOMES
623,ORCAR
624,AFILO
625,CARLA
626,COMES
627,ARAXA
628,VOCES
629,AVIAO
630,CISTA
631,ALGOL
632,JAVRO
633,GOREM
634,RAPOU
635,OESTE
636,SIGNO
637,TETRO
638,LIVRE
639,TOCOU
640,CABIS
641,CASSE
642,ALTAI
643,LAVOR
644,NIPOA
645,TOPAR
646,POSSO
647,MIUDA
648,HOBBY
649,PIFIO
650,TUTEI
651,AMBAR
652,INCOO
653,MULSO
654,ANION
655,CACAO
656,ANOIA
657,VERDE
658,CHULA
659,MINAS
660,NIELO
661,SANEI
662,APELA
663,FANTA
664,GRAXO
665,ACHEM
666,PABLO
667,SORCA
668,ARANA
669,VERGA
670,DISEL
671,BROXO
672,IBOGA
673,VANDA
674,LACEI
675,CUMIM
676,BOATO
677,ANIME
678,ACEJO
679,TURCO
680,INDIE
681,MATAS
682,ARCAO
683,NASCE
684,PIRRO
685,ILHAR
686,ZICHA
687,PURAS
688,PENSE
689,VIDES
690,ANDOU
691,UISTE
692,TESTA
693,ASSEI
694,EGIDE
695,BASTA
696,LOTAI
697,VALHA
698,BATOM
699,SULCA
700,LUDRE
701,ALGUA
702,NAQUE
703,MEDRO
704,QUASE
705,ROMEI
706,GALHA
707,MOCAS
708,MINOS
709,MOLDE
710,TUTIA
711,MORRO
712,GUICO
713,MOSTO
714,TAMIA
715,NUNCA
716,FUSTA
717,ROJAR
718,AGUIA
719,PIAVA
720,CUROU
721,LESTO
722,HASHI
723,COEIS
724,GANGA
725,RATAS
726,BASAL
727,TANCA
728,OREAR
729,NONDE
730,ALUIR
731,CROMO
732,RASPA
733,MENIR
734,APAGE
735,TEDIO
736,DERAM
737,MUDAI
738,AFULO
739,DOADA
740,FIBRA
741,JUMBO
742,BERCE
743,BULAR
744,CANOS
745,RIFLE
746,FIXAI
747,SUBAM
748,CAMBA
749,TROFA
750,TROPA
751,COROA
752,ROLAR
753,POVOS
754,ATROO
755,RUIDE
756,OROMO
757,SISTO
758,BLOGA
759,SABOR
760,BIFAR
761,PREBE
762,SHOYU
763,GLOSA
764,CRATO
765,REMIX
766,RAPEI
767,QUARO
768,LIDEI
769,VERSE
770,SEVAI
771,PEINA
772,CALAS
773,TALHO
774,DEPRE
775,CARMA
776,NIMBO
777,BOTAO
778,BANTU
779,FINDA
780,ALVIM
781,RIJAR
782,ALIJO
783,PORAO
784,WAUJA
785,VOTES
786,MIMAR
787,SONHA
788,IROSA
789,ESTAS
790,NEGUS
791,MORMO
792,COMUA
793,RUPIA
794,GUIDO
795,MOFOU
796,MUROS
797,FAUCE
798,ESTOU
799,HUNAN
800,OPTES
801,NINAI
802,SOFIO
803,ULPIO
804,TOPEI
805,ABARE
806,DADOS
807,UNIDO
808,IMAGO
809,VENTA
810,BUSES
811,IBIAM
812,BEMOL
813,ASADA
814,RIFAO
815,REMOS
816,GEMER
817,LORPA
818,NACAR
819,CAUTO
820,MORNO
821,UMERO
822,SKATE
823,ERGUE
824,ISOLA
825,SAREI
826,VIADO
827,FUMAR
828,ITACA
829,LUAIS
830,JUCHE
831,ACUAS
832,NOJAR
833,REGAR
834,ODEAO
835,ROLHA
836,NIMIO
837,COIME
838,DIANA
839,PONDE
840,IRADO
841,SALGA
842,GREGO
843,GACHA
844,ALTOS
845,QUICA
846,GETAS
847,JACUI
848,SAIDO
849,NUVRE
850,RAZIA
851,SOCIO
852,IACRI
853,REVES
854,PALAU
855,FALDA
856,CUNCO
857,DEQUE
858,CULPO
859,VERME
860,RAMEI
861,AFORA
862,CRIEI
863,FORRE
864,NINOU
865,SALAR
866,XOUVA
867,ACHEM
868,SARDO
869,GURIA
870,PREAO
871,XEREM
872,RACAO
873,QUEPE
874,SHEIK
875,ORNOU
876,BASTE
877,BORDA
878,TUNEL
879,CUREI
880,BETAO
881,VESTI
882,SOLES
883,ACUSA
884,SEXOS
885,POSSA
886,CEIFE
887,NINES
888,ROIDO
889,OMBRO
890,VAIAR
891,COUSA
892,BRAVU
893,ALFIM
894,ACULO
895,LIMOU
896,DURAI
897,JANTO
898,BLOCO
899,ROSAL
900,SENRA
901,SIOUX
902,NAICE
903,NACEM
904,ECLER
905,MODEM
906,TOMOU
907,MENDA
908,TILAR
909,DARCI
910,FERVO
911,FALAZ
912,TISSU
913,AMAVA
914,TEMAO
915,SUJES
916,HORUS
917,INGUA
918,CANSE
919,MURAR
920,RATEI
921,GAROA
922,BANAL
923,FIOTE
924,ENTRO
925,DESAR
926,SOLAR
927,VELAR
928,DURAR
929,MELRA
930,ZAMBA
931,POUPE
932,JAVRA
933,JURAM
934,POMES
935,SILHA
936,SESTA
937,SOGRA
938,ZOEIA
939,ERBIO
940,NITRO
941,CISCO
942,CRACK
943,AURIR
944,CORAI
945,RIGOR
946,LAVRE
947,NEDIO
948,DALEM
949,DEVER
950,NAIRA
951,STAFF
952,PRESE
953,OUSAS
954,TANAS
955,ELISE
956,ALALA
957,ARCHA
958,GOTAS
959,VIGIE
960,MEADA
961,NEDIA
962,VELEM
963,VIAJO
964,PRAXE
965,SAVEL
966,PULAR
967,HADJI
968,ATADO
969,ARACU
970,FACHO
971,HURRA
972,BORLA
973,TOMBE
974,TITIO
975,PARGO
976,ANDOR
977,AMIGA
978,CERCA
979,POMOS
980,BRICS
981,MACOM
982,ANINE
983,CIRRO
984,ZUCAR
985,MIRAM
986,MOEGA
987,BICAL
988,JEIRA
989,TINHA
990,BANHO
991,ORFAS
992,AGATO
993,BARRE
994,IXORA
995,BOMBO
996,ARMEM
997,AZULE
998,NILZA
999,MORTE
1000,VERGE
1001,TIAGO
1002,ZUNIA
1003,ROLDE
1004,DOLMA
1005,IPUBI
1006,MALHA
1007,ROUCO
1008,CHOCO
1009,BOLSA
1010,TRETA
1011,MITIA
1012,AMUAR
1013,FLUOR
1014,ARMAR
1015,TRAJE
1016,SOBES
1017,ALABE
1018,EREVA
1019,TIREI
1020,DRUSO
1021,BIVIO
1022,LOULE
1023,CORAM
1024,CUDAR
1025,AJUGA
1026,CHORA
1027,DANOU
1028,COMAL
1029,BLUFF
1030,BATER
1031,MORDE
1032,VIVAS
1033,OBSTE
1034,JAPOA
1035,COALA
1036,AJUDE
1037,SAGUI
1038,JUREM
1039,BAMBE
1040,HOSTE
1041,CLAVA
1042,BOCHO
1043,BROXE
1044,TATIL
1045,SUJAR
1046,BUTES
1047,FANAR
1048,JEJUE
1049,TAIGA
1050,ALOES
1051,FORAL
1052,LESMA
1053,EXITO
1054,GLEBA
1055,LAZER
1056,FIXEI
1057,TESAR
1058,SUPOR
1059,TREPO
1060,DORAS
1061,CHOER
1062,SAUNA
1063,STAND
1064,VARGA
1065,VALIA
1066,VISGO
1067,URUPE
1068,NEGUE
1069,LATAR
1070,EDITE
1071,GORAR
1072,GERIR
1073,SUGAR
1074,VENHO
1075,DRUPA
1076,SEIBE
1077,RADON
1078,PARBA
1079,CRICA
1080,CERNE
1081,ZINGA
1082,PIORA
1083,FOSSA
1084,NOXIO
1085,ENDRO
1086,TITIA
1087,LORDA
1088,NALGO
1089,TAISE
1090,ONDAS
1091,BALIU
1092,DOEIS
1093,ACESA
1094,SEXTA
1095,EMICO
1096,ACUAR
1097,BLITZ
1098,BARGA
1099,RAMAS
1100,FRIOS
1101,FUNGO
1102,GOLFO
1103,ZURRE
1104,LETRA
1105,AJERU
1106,VARIZ
1107,FEMEA
1108,PUARA
1109,SUAVE
1110,MORNA
1111,JEGRE
1112,BISMA
1113,MATIZ
1114,BACAR
1115,AECIO
1116,VESPA
1117,OTAVA
1118,CURTA
1119,TAFUL
1120,AMBAS
1121,BREGA
1122,CETUS
1123,PETRA
1124,LITIO
1125,SOAJO
1126,ANDRE
1127,PINTA
1128,ADITE
1129,MUDOU
1130,ROSAR
1131,SILAS
1132,LOTES
1133,HIGOR
1134,VALAR
1135,BEIGE
1136,NERIO
1137,AFIXO
1138,TELAO
1139,FECHO
1140,SEVEM
1141,RUMAM
1142,JOSES
1143,RECUO
1144,GONZO
1145,TELHO
1146,CORTO
1147,CPMIS
1148,PAPUS
1149,DEBUT
1150,MORSA
1151,NUMAS
1152,LAVEI
1153,TOXIA
1154,ALBUM
1155,MINAR
1156,ACTEL
1157,VIUVO
1158,MAPLE
1159,OBRAS
1160,CUSPO
1161,JATAI
1162,ARMAS
1163,MEDIR
1164,TOPAM
1165,CASES
1166,BLASE
1167,AGINA
1168,DETOX
1169,OIRAR
1170,SUSAO
1171,CONHA
1172,ROSTO
1173,BASAA
1174,MANTA
1175,COVIL
1176,NHAMA
1177,ARADO
1178,TEIXO
1179,DIGNA
1180,TOSCO
1181,IMPIO
1182,NOITE
1183,BULAS
1184,GOFRE
1185,APARO
1186,NENIA
1187,CARAA
1188,ARMES
1189,VOGAM
1190,SANDE
1191,IAMOS
1192,CACHA
1193,FUTRE
1194,RIJOS
1195,SURRA
1196,ORNAM
1197,MIOLO
1198,AVISO
1199,PENSA
1200,NODOA
1201,CORAO
1202,TUTOR
1203,ARGOS
1204,FALIR
1205,CORPO
1206,DUMAS
1207,TASCO
1208,TROLL
1209,MIOTO
1210,KENDO
1211,XOTES
1212,VAZOU
1213,CORAL
1214,ARAMA
1215,COCAL
1216,CRASE
1217,PUXES
1218,MOLHO
1219,SONDA
1220,LOIRA
1221,PILES
1222,AFIAR
1223,AGINO
1224,NANCI
1225,SURDA
1226,ARCAS
1227,LENTE
1228,ERROR
1229,MINEI
1230,VELOZ
1231,CRECE
1232,SUNDA
1233,TIRAI
1234,MOLAR
1235,AINDA
1236,HAKKA
1237,SUJAM
1238,CASAS
1239,IBERO
1240,FITAS
1241,GANCA
1242,AMENO
1243,ARFAR
1244,VIRIA
1245,CARTE
1246,CATEI
1247,VARES
1248,MANDA
1249,PICUI
1250,ENDEZ
1251,CABRA
1252,NESGO
1253,MECHA
1254,VAROA
1255,RUMBA
1256,REGER
1257,TREME
1258,SEJAS
1259,EXUMO
1260,SARAO
1261,METIE
1262,PITAO
1263,RECEM
1264,AMPLO
1265,PEDIR
1266,CHUFA
1267,IRMAS
1268,PAPAR
1269,CAUES
1270,HIMEN
1271,SAROU
1272,ATROA
1273,BOTEI
1274,REZAM
1275,OPERA
1276,SUTIA
1277,JOLDA
1278,LENHA
1279,MURRO
1280,ATAVA
1281,CARIL
1282,VAZAS
1283,CANAA
1284,MANDO
1285,VAGEM
1286,LHAMA
1287,CIDRA
1288,VACAO
1289,ILUDE
1290,CLOTO
1291,ABOBE
1292,CUSTE
1293,JAGRE
1294,NINEM
1295,SORTE
1296,SOMOS
1297,RAJAR
1298,BROTO
1299,VINHO
1300,ZUATE
1301,CAUTA
1302,PERUS
1303,CERRE
1304,MENOS
1305,DUERE
1306,BOSON
1307,MURCO
1308,DIADE
1309,CAGAO
1310,NOTAS
1311,RODAM
1312,RISCO
1313,DANAM
1314,DOAIS
1315,INGAI
1316,REIMA
1317,VIBRA
1318,AIPIM
1319,FOTAO
1320,TECNO
1321,URINA
1322,PAPAL
1323,DOBRE
1324,XUCRO
1325,RAMAO
1326,JINES
1327,AROMO
1328,FACIL
1329,ABIBE
1330,FOROS
1331,PIADA
1332,ILIBE
1333,LACHO
1334,CUTIS
1335,LIGAR
1336,TENOR
1337,COCHO
1338,ADOBE
1339,VAREI
1340,TELEI
1341,RAPAR
1342,AMBOS
1343,CARRO
1344,XANGO
1345,ICATU
1346,PINHO
1347,FUNDO
1348,LAVAM
1349,JUNOS
1350,MOREI
1351,BRIDA
1352,GELHA
1353,COPIE
1354,DUPLO
1355,CURVA
1356,DOROS
1357,VIUVA
1358,CRISE
1359,ZAINO
1360,BISES
1361,RABAT
1362,GIRES
1363,POLEN
1364,ALIEN
1365,NACAO
1366,JETON
1367,BILAO
1368,FALEI
1369,MONHA
1370,TOLDO
1371,ORNIS
1372,RENDE
1373,TSADE
1374,GAJAO
1375,TEIMA
1376,PUDOR
1377,GUINA
1378,UAURA
1379,OTICA
1380,TUPIS
1381,ANATA
1382,BOLAS
1383,SURCA
1384,SIMIO
1385,JAZER
1386,AGUDA
1387,VIVER
1388,ODIAR
1389,LAVAI
1390,ZONAR
1391,OUTRA
1392,EDEMA
1393,TOCHO
1394,VETAO
1395,COADO
1396,REAIS
1397,TIRES
1398,CAUSA
1399,VERIA
1400,TINTA
1401,ZIPOU
1402,ACIDO
1403,CREEM
1404,TANGE
1405,CASAR
1406,QUITO
1407,CHUVA
1408,LILIA
1409,CLIPE
1410,ABABA
1411,COAIS
1412,PIESE
1413,LOCRO
1414,CRETO
1415,ALEPE
1416,PITEU
1417,TONTA
1418,CHADE
1419,PLANO
1420,INCOE
1421,GAIZO
1422,BATON
1423,GELES
1424,DUETO
1425,FOMOS
1426,TANHA
1427,NEVOU
1428,ORAVA
1429,ACODE
1430,LAMEN
1431,PODAO
1432,VEREI
1433,FABIA
1434,GOIAS
1435,QUASI
1436,MIOPE
1437,VOGAS
1438,SUMIR
1439,ROSEI
1440,TRIOS
1441,TERCA
1442,CLAIM
1443,OUVIU
1444,TALEI
1445,NOSSO
1446,SIRIM
1447,MAGDA
1448,TAMPE
1449,BAFAR
1450,LARDO
1451,BAMBI
1452,LASSE
1453,CORES
1454,VIRUS
1455,LEILA
1456,LOBIS
1457,SARJA
1458,VODCA
1459,PUXAS
1460,PUDER
1461,OASIS
1462,BOXER
1463,ILIBO
1464,PIATA
1465,CALAO
1466,DEITO
1467,AFAMA
1468,GONGO
1469,JOKER
1470,ROJOU
1471,SINAO
1472,XACRA
1473,VEJAM
1474,PRECO
1475,TENTA
1476,LUZIR
1477,CASAL
1478,TESSE
1479,ZAVAR
1480,LUXES
1481,QATAR
1482,VIRAI
1483,ZEUGO
1484,NAIFA
1485,AMEIS
1486,RAIAL
1487,PIMBA
1488,URRUL
1489,FRUTE
1490,PETAR
1491,TAIUA
1492,MOFAS
1493,FUMAI
1494,JARRA
1495,NICHO
1496,BABAI
1497,MOAIS
1498,JERRA
1499,BORRA
1500,TOARI
1501,ONCAS
1502,CAIDO
1503,NUELO
1504,BOINA
1505,ASAIS
1506,FARDO
1507,SUSTO
1508,ATILA
1509,SIQUE
1510,PALOP
1511,CEIFO
1512,JUIZA
1513,MONHE
1514,AMAGO
1515,DORSO
1516,PREZE
1517,TROBA
1518,ROUCA
1519,GUDAO
1520,MORIM
1521,RALAI
1522,LAVEM
1523,VOLTA
1524,LUSOS
1525,ROBOA
1526,BUFAO
1527,BENIN
1528,CANCA
1529,FRAPE
1530,PULSO
1531,CHEDA
1532,HAVIA
1533,SOMES
1534,PELES
1535,SARNA
1536,VERSO
1537,RATAR
1538,SAUVA
1539,COREI
1540,ENGOS
1541,PALMO
1542,VASAL
1543,EREIS
1544,CAPUZ
1545,LIDIA
1546,ABEZO
1547,NISCO
1548,INVES
1549,FOREM
1550,RENCA
1551,FURAR
1552,RELUZ
1553,TUITE
1554,DIEGA
1555,BRENO
1556,UNICO
1557,DERBY
1558,VINDO
1559,TEERA
1560,IRECE
1561,DAVIS
1562,BUCHA
1563,CLICK
1564,RAFES
1565,AFOGO
1566,LEINO
1567,ACUOU
1568,COMEU
1569,RACHE
1570,CORRO
1571,NEGRE
1572,BOTAS
1573,XORTE
1574,NEVAM
1575,ABAFO
1576,TRUAO
1577,ACARA
1578,TEMBA
1579,SERES
1580,CAPAM
1581,PESAM
1582,ZURZA
1583,DUTRA
1584,ZANGA
1585,HONOR
1586,MOURO
1587,CROIO
1588,COMIA
1589,SAULA
1590,SIENE
1591,RANHO
1592,BESTO
1593,IMAME
1594,VISSE
1595,FIRME
1596,ANDAI
1597,AXIXA
1598,ALBOS
1599,TALAR
1600,FOLGO
1601,JUREI
1602,ADIDO
1603,MENOR
1604,MOVEU
1605,FURAI
1606,TOMBO
1607,OGHAM
1608,SAULO
1609,OLAIA
1610,ESTRO
1611,RAQUE
1612,AMEBA
1613,REGAS
1614,SISAO
1615,RALAS
1616,UIVAM
1617,TOADA
1618,ABOIE
1619,GEMAR
1620,GEENA
1621,PANAL
1622,ILHOS
1623,PENEM
1624,USTRA
1625,ERICE
1626,BUSTO
1627,RUFIO
1628,AGATA
1629,GALGA
1630,FINAS
1631,OUSAR
1632,ANTAR
1633,FAUNA
1634,ARABE
1635,LIVEL
1636,OLHAO
1637,CAPES
1638,LORGA
1639,TRAMA
1640,FRUTA
1641,BULBO
1642,RIADE
1643,PESAI
1644,ATEUS
1645,CAMIM
1646,INCHE
1647,UMIDO
1648,CREGO
1649,CLOWN
1650,RIFTE
1651,PENTE
1652,CESIO
1653,LENDA
1654,TOPES
1655,PREZA
1656,ARUBA
1657,NADAI
1658,JONIO
1659,ABRIR
1660,PELEM
1661,GNOMA
1662,DECAS
1663,SIDOS
1664,CASSA
1665,AVIDO
1666,GRIMA
1667,MIRAR
1668,AARUS
1669,CASAM
1670,PILHO
1671,CAPAO
1672,JUPIA
1673,AGEUS
1674,PARDO
1675,CHEIO
1676,SILVE
1677,SALTA
1678,SECAO
1679,TALAM
1680,ANSIA
1681,FORJO
1682,MAGMA
1683,ESTES
1684,BALAS
1685,RACHO
1686,ULULA
1687,ACHES
1688,ISLAO
1689,PILAS
1690,DESTE
1691,PROVO
1692,LESES
1693,CELHA
1694,RODAS
1695,TOCHA
1696,GESSO
1697,CABAL
1698,GOLFA
1699,TOPAI
1700,VOSSO
1701,BALAO
1702,SAITE
1703,DEVIA
1704,XIMBE
1705,TOUCO
1706,REMAI
1707,TUNAR
1708,AVEIA
1709,KOINE
1710,LEPUS
1711,RESMA
1712,RADAR
1713,LONGE
1714,IBIAI
1715,FENDE
1716,COQUE
1717,FOLHE
1718,TORSO
1719,PEJAR
1720,MIJAR
1721,RALLY
1722,UMAMI
1723,OLEAR
1724,MUDOS
1725,CIRCO
1726,IRADA
1727,ATRIZ
1728,PISCA
1729,FUNIS
1730,PODER
1731,VARAL
1732,MUTUA
1733,SEPIA
1734,MAMAE
1735,BROAS
1736,ANTES
1737,FOGEM
1738,TACAS
1739,LIAME
1740,MASER
1741,OTAKU
1742,APUPO
1743,BOIRA
1744,ROLOU
1745,TEIGA
1746,OPTEM
1747,KYRIE
1748,FERRO
1749,REGIS
1750,GERES
1751,BOUCA
1752,HALUX
1753,ANDES
1754,RAPAZ
1755,INCHO
1756,LIMAI
1757,SAIAM
1758,GESTA
1759,RAZAO
1760,BRAVO
1761,PARVA
1762,PRUMO
1763,SENDA
1764,TEIME
1765,MEDIO
1766,XURRO
1767,MORAL
1768,NARIZ
1769,NEHAN
1770,SOBEM
1771,ACOAS
1772,PALCO
1773,BUREL
1774,PESOU
1775,CALFE
1776,VARAI
1777,RAIOS
1778,ODEOM
1779,CHORE
1780,PRALI
1781,ROUBO
1782,EFIRE
1783,MODOS
1784,RUTAR
1785,EGUAS
1786,ARMAM
1787,TOICA
1788,ROJOS
1789,VOLTE
1790,TOTOS
1791,FARTA
1792,LIMPA
1793,MIREM
1794,CALAR
1795,RITAO
1796,TURMA
1797,OBRES
1798,BORNE
1799,EFEBO
1800,COMUM
1801,ALEMO
1802,BARCA
1803,ALUNE
1804,PARVO
1805,PAJEM
1806,PINTE
1807,BABEM
1808,ETAPA
1809,VOLTO
1810,REZAR
1811,PALOR
1812,ATEIS
1813,FLIRT
1814,XINGA
1815,DUELO
1816,LONGA
1817,ZAINE
1818,TENDO
1819,HABIL
1820,ATUIR
1821,GIRIO
1822,DITOS
1823,TESLA
1824,BLUES
1825,ZOIAO
1826,PERTO
1827,EMOJI
1828,FIXEM
1829,ELCOS
1830,VAMOS
1831,TUFAO
1832,AZOOU
1833,ANZOL
1834,TALOU
1835,NADEI
1836,LARPE
1837,BOTAM
1838,LEVEI
1839,OBSTO
1840,PODIA
1841,ARPEU
1842,CURAR
1843,SUBIU
1844,CERIO
1845,NOTAR
1846,GABAR
1847,JACTO
1848,SAIBA
1849,PACTO
1850,ABOTA
1851,ASILO
1852,LOESS
1853,TRAJO
1854,ANOTE
1855,TORPE
1856,GERAL
1857,SINES
1858,OBVIO
1859,CRIEM
1860,ENOJA
1861,TALCO
1862,CERVA
1863,DUREM
1864,HUBEI
1865,LAMIM
1866,OPACO
1867,BAITA
1868,PILAM
1869,DAMNO
1870,FALSO
1871,JURIS
1872,SARAU
1873,JUNTE
1874,GRAAL
1875,JONIA
1876,VOLTS
1877,JERRO
1878,GENIA
1879,VIRAO
1880,DIGNO
1881,GORAM
1882,NOEIS
1883,SALOU
1884,CAMBO
1885,TIARA
1886,ZEBRA
1887,VOAVA
1888,BACIA
1889,CONTE
1890,XARDA
1891,ANIME
1892,PIRAI
1893,KOMBI
1894,GATAL
1895,PAUTE
1896,LIVIO
1897,SEREM
1898,JETOM
1899,SUSSA
1900,XORDO
1901,ARAUA
1902,VARAO
1903,OUSOU
1904,ARMOU
1905,ROCHA
1906,PILAI
1907,VAROU
1908,BARIO
1909,ROCIA
1910,NERVO
1911,SULCO
1912,MIMIR
1913,LIANA
1914,RALOS
1915,CRASH
1916,PAUTA
1917,GRATO
1918,ACABO
1919,JAZEM
1920,VACUA
1921,NIVEL
1922,JELCO
1923,ACOEM
1924,GAMAR
1925,LAVAS
1926,ABALA
1927,ZIPEM
1928,CALDA
1929,LESME
1930,VOTAI
1931,ROJES
1932,ACHOU
1933,LINHA
1934,DEDAL
1935,EDNOS
1936,TIMON
1937,BEMBA
1938,PAOLO
1939,TABAI
1940,PEIXA
1941,ANHAR
1942,BOJAR
1943,SOSSO
1944,XERPA
1945,SANDO
1946,KHMER
1947,ALTAR
1948,FEROZ
1949,CARME
1950,AGNES
1951,RICAR
1952,ANAPU
1953,NACHA
1954,LOCAO
1955,MANGO
1956,IDOSO
1957,TAXES
1958,ARNAZ
1959,PTDOB
1960,WENGE
1961,MATAO
1962,CARIZ
1963,ABETO
1964,PUELA
1965,RANGE
1966,SUSTE
1967,LICIO
1968,CAUAS
1969,TIBUM
1970,GRUTA
1971,TUTAM
1972,PEDIU
1973,TANTO
1974,LIOES
1975,NASAL
1976,CARGO
1977,CRUSH
1978,ATXIM
1979,RENAL
1980,PENAS
1981,SESSO
1982,TUGIR
1983,VILOA
1984,TORAX
1985,ORNAS
1986,LUTAM
1987,LUDRA
1988,FODER
1989,FITAR
1990,JAURU
1991,UMARI
1992,SIGMA
1993,TAXOU
1994,MISSA
1995,ACCAO
1996,PRONO
1997,CANDA
1998,ZELOS
1999,UYEZD
2000,EMERO
2001,VIVOS
2002,MELES
2003,CANDI
2004,BISPO
2005,MOREM
2006,XOTAR
2007,GRENA
2008,TONAS
2009,TANIA
2010,ALCEI
2011,GRAMA
2012,MAMOA
2013,ZAIRO
2014,DORZE
2015,VESTE
2016,LUTAS
2017,TRAME
2018,GINGA
2019,JAIRO
2020,MOELA
2021,ADIEM
2022,JAULA
2023,SARAR
2024,COIMA
2025,GORDO
2026,FAZER
2027,VAZAR
2028,MISTA
2029,NIPLE
2030,DOGAO
2031,ESTAO
2032,TONEL
2033,TAXON
2034,MEDRA
2035,LADRA
2036,HAITI
2037,NADES
2038,UNTAR
2039,PARTE
2040,ALEIA
2041,AREUS
2042,CORAS
2043,VINIL
2044,MUNUS
2045,MISSO
2046,MALTE
2047,FLAMA
2048,RODOU
2049,VANIA
2050,PIRAO
2051,RUCAS
2052,RALEM
2053,ERRAM
2054,PILEM
2055,REMEM
2056,LETAO
2057,OURAM
2058,DENSA
2059,MORAI
2060,GELEI
2061,SURRO
2062,ROGAR
2063,NETOS
2064,LIMAO
2065,DOPAR
2066,LIDES
2067,BURGO
2068,SURTO
2069,PNEUS
2070,RATOS
2071,ACARI
2072,BRECA
2073,LIGHT
2074,GATIL
2075,COCOS
2076,ABOLA
2077,ARPAR
2078,TUBAS
2079,DALVA
2080,COTAO
2081,PUXAM
2082,TORAR
2083,IVORA
2084,MANAS
2085,RUTES
2086,LINDE
2087,SUICO
2088,DECES
2089,TANGO
2090,ANIMA
2091,IBEMA
2092,DAMBA
2093,TANHO
2094,TARDE
2095,FILMO
2096,ILUDI
2097,COBRI
2098,TUNES
2099,RUMOR
2100,MAIRO
2101,SILVO
2102,TORNE
2103,LISAS
2104,MIRRA
2105,OPINO
2106,ANACO
2107,ARXAR
2108,FUGAZ
2109,CACHO
2110,SERAS
2111,NALSA
2112,RONDO
2113,TOMBA
2114,AMADA
2115,PUNHO
2116,METAL
2117,GACHO
2118,RANCA
2119,TOKEN
2120,KARMA
2121,VELEI
2122,LIMAM
2123,TRIGA
2124,AJAJA
2125,IUANE
2126,TENHA
2127,RUMAR
2128,CITRO
2129,UNHOS
2130,XAREM
2131,COLAI
2132,ACOAM
2133,AMADO
2134,CRAVE
2135,QUEDA
2136,RUFAR
2137,AGONO
2138,IGUAI
2139,CORCA
2140,FRACA
2141,ABATE
2142,FLACO
2143,JURAI
2144,FALHA
2145,JURUA
2146,TACHA
2147,FIOFO
2148,ESPIA
2149,BENGA
2150,DOLAR
2151,BOAVA
2152,CREGA
2153,PICLE
2154,SOVES
2155,SELVA
2156,ANGLO
2157,VREIA
2158,DRAMA
2159,CHUCO
2160,POJOU
2161,MONHO
2162,VEDOR
2163,CEGAR
2164,RENGO
2165,SITIO
2166,GENES
2167,FEMEO
2168,TEREI
2169,XUATE
2170,SOAVA
2171,TAPEI
2172,CUMBE
2173,HERMA
2174,UIVEI
2175,CINZA
2176,MINOU
2177,SAAMI
2178,SEVES
2179,BOTOU
2180,ATUAM
2181,ATIVE
2182,COISO
2183,SANHA
2184,COPAM
2185,ANIME
2186,FOFEI
2187,LUXAI
2188,MAORI
2189,ADAMA
2190,PODRE
2191,VULGO
2192,FILET
2193,CORNO
2194,SOFRE
2195,HOUVE
2196,USUAL
2197,VARAM
2198,MONCO
2199,SAFRA
2200,POEMA
2201,BOIEI
2202,BAITE
2203,LEAIS
2204,ABOIO
2205,FALTO
2206,ANEXE
2207,POUCA
2208,ALGUM
2209,UAMBE
2210,PRACA
2211,UFRGS
2212,DINGO
2213,ROXAS
2214,JUDIA
2215,FINDO
2216,ATENA
2217,DISCO
2218,FOUCE
2219,DUMBA
2220,ERVAS
2221,ALADA
2222,VIERA
2223,PREIA
2224,CULTO
2225,GRELA
2226,BADIO
2227,NESSE
2228,FILAO
2229,MATEM
2230,BAGOA
2231,ORNEM
2232,ABRIL
2233,COPRA
2234,IMANE
2235,MOIRO
2236,ERREI
2237,ALERJ
2238,CETIM
2239,TOIRA
2240,LITRO
2241,OQUEI
2242,MIJOU
2243,PULSE
2244,TAMPO
2245,BALES
2246,MINGA
2247,RAFAR
2248,ZELAR
2249,XOFAR
2250,PERDE
2251,DOSES
2252,LAVAR
2253,JUSTA
2254,ANUAL
2255,TRACO
2256,EXPOR
2257,TRIPA
2258,DEPOR
2259,RUDOS
2260,PINGO
2261,CEIBA
2262,PAZES
2263,PISEI
2264,FOILA
2265,SERAO
2266,BANZE
2267,QUICO
2268,VARAR
2269,RAFOU
2270,TRASH
2271,OBESO
2272,DADAS
2273,FURCO
2274,AGUES
2275,BHILI
2276,TUNIS
2277,TIPLE
2278,TAXIS
2279,CHAVO
2280,POVOA
2281,OSACA
2282,RAMEM
2283,ATIVO
2284,SIRIO
2285,ADOTO
2286,GUAPE
2287,RODEI
2288,GRAVE
2289,ROUPA
2290,RUFIE
2291,NOVEL
2292,GOREI
2293,NIGER
2294,ERRAS
2295,ZOILO
2296,PTOSE
2297,TERGO
2298,TUTEM
2299,BLINI
2300,DILDO
2301,RELVA
2302,MOFAM
2303,ASSEM
2304,MERCE
2305,CITEM
2306,LIBIO
2307,ORIBI
2308,TUMOR
2309,CALAM
2310,POULO
2311,JAMBU
2312,PUXOU
2313,BOSTO
2314,NESSA
2315,MAISA
2316,PICHA
2317,FLUSH
2318,LEVOU
2319,TORTA
2320,OSRAM
2321,DENTE
2322,CEITA
2323,SOVAM
2324,URICO
2325,SALEI
2326,NOMES
2327,SOAIS
2328,PUAVA
2329,PLOFT
2330,GRAUS
2331,MITIM
2332,MOIAS
2333,HILDO
2334,PRESO
2335,TOMEI
2336,SOVAR
2337,PARAM
2338,SISTA
2339,TUTOU
2340,CETRO
2341,KANJI
2342,GUIOU
2343,AZOEI
2344,SUJOU
2345,GRANA
2346,ISTMO
2347,DANAR
2348,IVATE
2349,VOTOU
2350,BRUXO
2351,ARELO
2352,MOIAM
2353,TRATE
2354,RELER
2355,SONHE
2356,TEUTO
2357,PRELO
2358,REZAS
2359,FILME
2360,SIFAO
2361,CISCA
2362,LATEX
2363,PALPO
2364,MAGAS
2365,TONHO
2366,PILAO
2367,GUITA
2368,SUDAM
2369,IONES
2370,PARRA
2371,FACAO
2372,SUBAS
2373,VIAJA
2374,CAUSE
2375,TEIPE
2376,ALAOS
2377,PUGIL
2378,COZER
2379,TASCA
2380,BISOU
2381,AZOAS
2382,PISAM
2383,MALAR
2384,BRUTA
2385,TRAVO
2386,VIDRA
2387,CERDO
2388,ORACA
2389,INCOA
2390,MIRAS
2391,BECHA
2392,VIRAM
2393,WAIKA
2394,MARTE
2395,FEITO
2396,SELEM
2397,MACHO
2398,MIGAR
2399,HOJES
2400,SENIL
2401,TRILO
2402,MUTUO
2403,TRAVE
2404,EXIDO
2405,AREPA
2406,FOFOS
2407,RASTA
2408,APORE
2409,TORRE
2410,ANDEI
2411,PACER
2412,GLIFO
2413,BULHA
2414,PICAO
2415,ECOAI
2416,BOIAR
2417,IMPOR
2418,FRIAS
2419,UIVAI
2420,CHACO
2421,FANGA
2422,LOQUE
2423,PIQUE
2424,PENNY
2425,CENHO
2426,PRETO
2427,SOPOR
2428,USMAR
2429,PAIRE
2430,AEREO
2431,PESAR
2432,MOLHE
2433,RAMAL
2434,TOURA
2435,ARMUR
2436,CUIDA
2437,DESSE
2438,HEREU
2439,OVINO
2440,FARTE
2441,VINTE
2442,CHIAR
2443,DORIS
2444,REGUA
2445,SOMAR
2446,BABOU
2447,ACHAR
2448,BEIJE
2449,CANLE
2450,CORTA
2451,TERIA
2452,DOCAR
2453,BEBER
2454,TANGA
2455,TENTO
2456,PAIAL
2457,VETAR
2458,TERSO
2459,OSSEA
2460,DEIXA
2461,SARRO
2462,RAMAI
2463,TENHO
2464,MIJAM
2465,INICO
2466,VOZES
2467,KUAIT
2468,BREJA
2469,DEITE
2470,LACIO
2471,SALAO
2472,UIVEM
2473,ROQUE
2474,UNIDA
2475,ADAGE
2476,GUEOS
2477,SOIAM
2478,DESCE
2479,CASEI
2480,OLHOS
2481,PUCHA
2482,BUGIO
2483,APURO
2484,TEXAS
2485,GARFO
2486,EXAME
2487,TWIST
2488,VENCE
2489,NINFA
2490,RUMES
2491,XOTAS
2492,BOUBA
2493,RUSSO
2494,OUREI
2495,TABAO
2496,TORNO
2497,CUSTO
2498,POJAI
2499,LOSNA
2500,LEDOR
2501,REGRO
2502,ALAGE
2503,LABIL
2504,ATAIS
2505,HOMUM
2506,AUDIO
2507,DANEI
2508,CANDO
2509,XADOR
2510,MIROU
2511,OSSEO
2512,POITO
2513,MATRI
2514,TRIBO
2515,ZLOTI
2516,CATRE
2517,CHILE
2518,URNAS
2519,BALDE
2520,AREAS
2521,GINJA
2522,XOTOU
2523,SALOA
2524,EMPAR
2525,LIMAR
2526,ALEMA
2527,ELZAS
2528,BRADA
2529,TALAO
2530,ARDER
2531,FACAM
2532,KYOTO
2533,INDEZ
2534,BRIZA
2535,CASAO
2536,NORTE
2537,LUTEM
2538,REGRA
2539,LOCAR
2540,CELME
2541,LERDA
2542,ISOLE
2543,VAZEI
2544,FALTA
2545,ELZOS
2546,SAMPA
2547,PACAS
2548,SAGRO
2549,AZADA
2550,PSOAS
2551,CORTE
2552,CHAMO
2553,MAFUA
2554,EVADE
2555,BORDE
2556,BARDO
2557,CAPOU
2558,MORAS
2559,SUJEI
2560,IBAMA
2561,TUSCO
2562,DRIVE
2563,BIMBE
2564,PESCO
2565,OLHAR
2566,FRESA
2567,ULEAR
2568,EPOCA
2569,ADORO
2570,ADEUS
2571,DOUTO
2572,RALOU
2573,CHEFA
2574,ZINCO
2575,CLAVE
2576,OSTRO
2577,CAIRA
2578,ANION
2579,DARMA
2580,LIBEI
2581,ACOOU
2582,FENDA
2583,MELGA
2584,SEXTO
2585,ATUAL
2586,ABAFE
2587,COEVO
2588,TENRO
2589,MERAR
2590,TINER
2591,MIOLA
2592,ALAES
2593,ARDUO
2594,ARUJA
2595,FARPA
2596,NYLON
2597,PODIO
2598,RIMOU
2599,ASPAR
2600,SOLAO
2601,SANIE
2602,MUCIO
2603,BISAR
2604,DORIO
2605,TULHA
2606,VARAS
2607,XACHO
2608,FUREI
2609,OURES
2610,LIMEM
2611,MILHO
2612,VACUM
2613,FALES
2614,ALUCO
2615,TORGO
2616,MOVIA
2617,VICIO
2618,AZUIS
2619,VINCO
2620,CACAR
2621,CELGA
2622,VADIO
2623,GEMAS
2624,SOLDO
2625,BALOR
2626,BANDE
2627,TAMIL
2628,MORTO
2629,CARAY
2630,CASCO
2631,ABUSO
2632,JUDEU
2633,ORGIA
2634,LUQUE
2635,COTAR
2636,SONSO
2637,COURO
2638,ABECE
2639,IMOTO
2640,UFANO
2641,POMBO
2642,CUCHO
2643,FACES
2644,JAGRA
2645,ALAMO
2646,BORIA
2647,VIRAL
2648,FAVOR
2649,VIOLA
2650,LANCA
2651,ROMES
2652,SARAI
2653,CEIVE
2654,COMAM
2655,RENTE
2656,IPHAN
2657,JANAL
2658,CAVOU
2659,SARES
2660,DROPE
2661,LONGO
2662,FINTA
2663,AFLUI
2664,FOSGA
2665,URSAS
2666,SOBRA
2667,DROPS
2668,TERAS
2669,ZONCA
2670,PEIDA
2671,ANURO
2672,TUBOS
2673,FAIAR
2674,FEDER
2675,GRIFO
2676,RANGI
2677,KOALA
2678,SAIBO
2679,LENHO
2680,ALEFE
2681,TICAO
2682,PEITO
2683,PATCH
2684,FODAO
2685,CALDO
2686,EGITO
2687,POLIR
2688,ELITE
2689,HOSCO
2690,BABAS
2691,HUMUS
2692,BAILO
2693,ARTUR
2694,TUMBA
2695,TESEU
2696,FUTON
2697,UIVES
2698,RIMEL
2699,FRISA
2700,LIBAI
2701,AMIGO
2702,PILHE
2703,JUROS
2704,MOVEM
2705,ITERA
2706,ZIPES
2707,LIMES
2708,SUBIA
2709,MIOCA
2710,TERNA
2711,DENSO
2712,MUDAM
2713,ATUEM
2714,ROJAM
2715,BELOS
2716,MOLHA
2717,FUNJE
2718,LATAS
2719,MANSA
2720,EVITO
2721,AVISA
2722,INCRA
2723,CARLO
2724,IBATE
2725,BATEL
2726,LUXAM
2727,SINAL
2728,MIAVA
2729,OURAS
2730,BEIJO
2731,SIMIL
2732,EMANE
2733,NOSSA
2734,DIOGA
2735,FALUS
2736,GUIGA
2737,MAGRA
2738,BISEM
2739,POREM
2740,GLOSO
2741,RAPTO
2742,REGRE
2743,SINTO
2744,TOSAM
2745,PALRA
2746,ESTAR
2747,FUNDA
2748,BICHO
2749,LEVEL
2750,TECTO
2751,ISMAR
2752,ZICHO
2753,FUREM
2754,FORAM
2755,NAUNS
2756,BRAVA
2757,AUETI
2758,COCHA
2759,ASCUA
2760,FISCO
2761,MESSE
2762,EBRIA
2763,COLAS
2764,SINOP
2765,QUEDO
2766,PUDIM
2767,PEONA
2768,FLEME
2769,LABOR
2770,ZELIO
2771,COBOI
2772,ALESP
2773,FOLAR
2774,TORGA
2775,GRUPO
2776,POLPA
2777,PARLA
2778,ALIBI
2779,GRATA
2780,LINHO
2781,BOTIM
2782,CREIA
2783,REMAR
2784,SELAR
2785,DILUO
2786,APODE
2787,PORTE
2788,TETUM
2789,SORGO
2790,POTIM
2791,ROLAS
2792,ABAZA
2793,PEGOU
2794,HORAR
2795,TETAS
2796,MOEMA
2797,BURIS
2798,MATAM
2799,LIAVA
2800,GALOU
2801,HAJAS
2802,BASCO
2803,PALIE
2804,QUIXO
2805,ARNES
2806,CALVE
2807,CAURI
2808,CODEX
2809,RINDO
2810,MOFEI
2811,CURRO
2812,RASGO
2813,BAGUA
2814,COTAS
2815,VOLPE
2816,ATIVA
2817,TALEM
2818,VAZIO
2819,GOZEM
2820,FLUXO
2821,URDIR
2822,RETER
2823,OBRAI
2824,ESTOL
2825,POULE
2826,FURAS
2827,LIDER
2828,MOITO
2829,TIRAR
2830,LAGES
2831,ACAUA
2832,TESTE
2833,XOTAI
2834,CERES
2835,GALAS
2836,VIGAR
2837,ARRAS
2838,PREJU
2839,CAIAR
2840,OSAKA
2841,TUNGA
2842,CUCAR
2843,GREJO
2844,BUTIO
2845,FUDER
2846,FANAL
2847,CURAU
2848,LIMEI
2849,FAULA
2850,CAPOT
2851,TAPAR
2852,GOMAR
2853,KASHA
2854,COROS
2855,CHOLO
2856,SUDAO
2857,INDOL
2858,LUTAI
2859,SEVAR
2860,APEGO
2861,PICHO
2862,VOSCO
2863,AGUDO
2864,FLAPE
2865,ROCAZ
2866,DRUSA
2867,DRENO
2868,PRUIR
2869,HIAGO
2870,LOLIO
2871,MINAI
2872,LOMBO
2873,TURBO
2874,ORAIS
2875,VISTE
2876,GRETA
2877,NINEI
2878,FEIAS
2879,JANTE
2880,CUZAO
2881,RUSSA
2882,ZURRA
2883,LESAI
2884,UCHOA
2885,BITAR
2886,GOLFE
2887,NATTO
2888,CARDO
2889,PAROU
2890,ROLAO
2891,ALETO
2892,PARIA
2893,TUGUE
2894,COLAM
2895,TURBA
2896,REIDE
2897,CHARA
2898,TORTO
2899,TARDO
2900,ESCOL
2901,RITAS
2902,LIMPE
2903,ABABA
2904,LANGE
2905,XEICA
2906,RIMEI
2907,LAPSO
2908,ANTAQ
2909,BOBAR
2910,PASSA
2911,LOJIA
2912,CUXIU
2913,MUSAS
2914,DUCAL
2915,EMPOS
2916,LAPAR
2917,TIDOS
2918,ARRAU
2919,MENDO
2920,LEGAL
2921,ROSNA
2922,SARCA
2923,INUMO
2924,JALES
2925,REXIO
2926,ARCAR
2927,CRINA
2928,SEDAN
2929,DOIRA
2930,CAPAS
2931,ATOAR
2932,CHAUL
2933,DOGUE
2934,LONCA
2935,LAUTA
2936,CHOLA
2937,SODIO
2938,KHASI
2939,ABONO
2940,ANIMA
2941,VOTAM
2942,LEVEM
2943,MOTOR
2944,COESO
2945,ICARA
2946,MUDAS
2947,TAXEM
2948,NATRO
2949,SUCHO
2950,OGIVA
2951,RAIDE
2952,DUQUE
2953,AFETO
2954,SACRA
2955,FOFEM
2956,AUETE
2957,FATAO
2958,SEVEI
2959,COLON
2960,DUROS
2961,CRIME
2962,GOLEM
2963,BAIXO
2964,PUNGA
2965,GALEI
2966,GUEJA
2967,BOSTE
2968,ESSAS
2969,SENSO
2970,SPRUE
2971,BILES
2972,CABEM
2973,AEREA
2974,COBOL
2975,FESTA
2976,FECHE
2977,CHABU
2978,ASTUR
2979,CACTO
2980,ADUFE
2981,GANAU
2982,SIVAM
2983,GRUMO
2984,USADO
2985,ACOES
2986,RESTE
2987,FOFAS
2988,BILIS
2989,GREGA
2990,PICAS
2991,PIFAO
2992,GEADA
2993,TMESE
2994,POLIA
2995,CONCA
2996,TELAI
2997,BERCO
2998,CORCO
2999,SIDAS
3000,RUFOS
3001,LIXAR
3002,ACARO
3003,JANGA
3004,CINTO
3005,EBRIO
3006,ADIDA
3007,TAXAM
3008,ADAGA
3009,ULULE
3010,AVIAR
3011,MUNDE
3012,JEJUM
3013,FEDOR
3014,URDIA
3015,FEUDO
3016,CURTO
3017,ACENO
3018,IPIAU
3019,PESAS
3020,SILEX
3021,ACETE
3022,CINCO
3023,ROGUE
3024,MOCHO
3025,GANDU
3026,PESTE
3027,SALVE
3028,BUCOS
3029,ROLES
3030,FUSCO
3031,FUTIL
3032,NUELE
3033,PANDA
3034,CURAS
3035,GALAO
3036,BEITA
3037,SEDAS
3038,GREIS
3039,CUSCA
3040,HORSA
3041,IGNEA
3042,MULTA
3043,LUDRO
3044,SETES
3045,REINE
3046,CLICA
3047,SACIE
3048,RABAO
3049,TOPOU
3050,TENAZ
3051,TESES
3052,JIGUE
3053,TREZE
3054,CUJOS
3055,CERTO
3056,ZIPAM
3057,FIXOU
3058,AFURA
3059,RIVAL
3060,URINO
3061,HILAR
3062,CERRO
3063,UOLOF
3064,DIAFA
3065,SHOJO
3066,PATUA
3067,ASNAL
3068,RAMES
3069,MENSO
3070,OPALA
3071,LEVAM
3072,DIONE
3073,CURSO
3074,YACHT
3075,ACORO
3076,DONGO
3077,CERTA
3078,TAOCA
3079,AZOAR
3080,SERPE
3081,ABRAO
3082,FORAS
3083,LIBES
3084,GLUON
3085,NOUCA
3086,EQUAS
3087,INCEL
3088,VENDA
3089,OBICE
3090,RINHA
3091,IONTE
3092,FABIO
3093,PAUTO
3094,ATONO
3095,TUTUM
3096,GRILO
3097,NOBRE
3098,DANOS
3099,SAXAO
3100,BOSAO
3101,ARMEI
3102,MAGIA
3103,MUSEU
3104,ROSAI
3105,PAFIA
3106,SERVA
3107,NOGAI
3108,CAPEA
3109,TRATO
3110,VISCO
3111,DOADO
3112,LAQUE
3113,PISTA
3114,BATCH
3115,CITOU
3116,CITES
3117,BOTAI
3118,MENTA
3119,CANGO
3120,TROLE
3121,FIQUE
3122,INAJA
3123,CACAU
3124,EFESO
3125,LENTO
3126,JORGE
3127,AMORA
3128,DITAS
3129,RASPE
3130,FEIRO
3131,LITAO
3132,IDOLA
3133,ESTIE
3134,TAPIR
3135,LIBEM
3136,CAUIM
3137,TRINO
3138,APODI
3139,BICLA
3140,ONTEM
3141,TOMEM
3142,RETOS
3143,MINAM
3144,ETHOS
3145,PIQUI
3146,FARUM
3147,IANSA
3148,FRESO
3149,ANETO
3150,OPTAR
3151,CASTE
3152,GASES
3153,TANSO
3154,BASCA
3155,MELGO
3156,HORDA
3157,CUSTA
3158,MASSA
3159,MIGRO
3160,TECOA
3161,CORJA
3162,CERCO
3163,DOBRA
3164,PELOU
3165,CACUA
3166,NINHO
3167,ROLEM
3168,OUIJA
3169,GARUA
3170,ENOJO
3171,ATEAR
3172,RELAR
3173,ALVAR
3174,POUPA
3175,SESGO
3176,VOGAL
3177,POCAR
3178,ITATI
3179,TRONO
3180,ORDEM
3181,GEROU
3182,POULA
3183,BILHA
3184,MACHA
3185,CARGA
3186,POMPA
3187,JUNCO
3188,DAUDE
3189,LAGAR
3190,PUJAM
3191,BISEL
3192,VELAM
3193,RAIVA
3194,PAICA
3195,OLIVE
3196,LUGRE
3197,LEGUA
3198,LIDAI
3199,DUCHE
3200,LOTAR
3201,BERNA
3202,AMITA
3203,BAHIA
3204,AUTOS
3205,ROJAO
3206,CAVAS
3207,ERMAS
3208,LARES
3209,LACRE
3210,TAMPA
3211,RICAS
3212,BISAS
3213,VIAJE
3214,CAPUT
3215,BALGA
3216,FLETE
3217,RATAM
3218,XENAO
3219,GLIDE
3220,MERMO
3221,SIDRA
3222,LAISE
3223,COSEU
3224,CEUTA
3225,EMBUA
3226,GENRA
3227,HARTO
3228,MANAR
3229,BOSTA
3230,IMBAU
3231,ROSNO
3232,PAFIO
3233,JAINA
3234,LILAS
3235,SUNAB
3236,ALINO
3237,GROSA
3238,JUGAR
3239,CONTO
3240,LAUTO
3241,COPTA
3242,GRIPE
3243,LUMES
3244,BUTEO
3245,REVER
3246,AMARA
3247,LARPA
3248,DESDE
3249,DOUDO
3250,NESGA
3251,ETICO
3252,MOTIM
3253,ALGIA
3254,JAIRA
3255,JOANE
3256,MAIOR
3257,MIJAS
3258,TARDA
3259,QUAIS
3260,DIQUE
3261,CABUM
3262,REPOR
3263,DROGO
3264,RAPAS
3265,NOCAO
3266,ASAVA
3267,AZEDO
3268,GUEBO
3269,BUTUA
3270,TUACA
3271,BASIC
3272,DIETA
3273,MUSGO
3274,LESEI
3275,BROCO
3276,FALSA
3277,VOSSA
3278,BANAM
3279,NATAN
3280,ETIMO
3281,AFOXE
3282,ERICA
3283,TEMER
3284,PANOS
3285,DAQUI
3286,TECLO
3287,HERDO
3288,BOSSA
3289,GUETA
3290,STICK
3291,JEITO
3292,UNCAO
3293,CUJAS
3294,HASTE
3295,NAIPE
3296,SOITO
3297,ACETA
3298,DODOI
3299,HANSA
3300,MIADO
3301,JARRO
3302,BAFIO
3303,ARROZ
3304,COCHE
3305,COVAS
3306,PLAGA
3307,PAVOR
3308,NENTE
3309,PULGO
3310,TENRA
3311,LUIGI
3312,PALME
3313,ZUELA
3314,GERAI
3315,POIAL
3316,PIANO
3317,ELOAS
3318,NAFTA
3319,OCULO
3320,JONGO
3321,LUGES
3322,ROBER
3323,LAJES
3324,MIJEM
3325,SABAO
3326,ACHAS
3327,VINIS
3328,APITO
3329,LERPE
3330,CONAR
3331,FLATO
3332,FUGIR
3333,ACAIR
3334,FIGOS
3335,TCHAU
3336,GADOS
3337,GULAG
3338,BELGA
3339,TIQUE
3340,LGBTI
3341,CORNE
3342,BAIXA
3343,CULPE
3344,REMEI
3345,AGUAI
3346,FENOL
3347,LEIXO
3348,DANDI
3349,MICHA
3350,RABAZ
3351,FAZEI
3352,DEVIR
3353,QUIBE
3354,AFOFO
3355,VOTOS
3356,ARGON
3357,XAXAR
3358,ADIAI
3359,SAMIO
3360,LEIRA
3361,RECAS
3362,PASSE
3363,MIRES
3364,PAIOL
3365,ATIRO
3366,RUBLO
3367,VIDAS
3368,LATIM
3369,SARAM
3370,PROLE
3371,COPAS
3372,TOLAR
3373,FURCA
3374,CURRA
3375,SEDES
3376,LYCRA
3377,CEIFA
3378,LINGA
3379,LENCO
3380,MAINO
3381,PASTE
3382,FALAM
3383,INICA
3384,NAVAL
3385,FIOTA
3386,IBOPE
3387,LEVAR
3388,SALEM
3389,SEDIA
3390,CIVEL
3391,TORDA
3392,ABANO
3393,MAMAO
3394,KRILL
3395,AJURU
3396,BILRO
3397,RISTE
3398,ZERAR
3399,BRIAL
3400,DEZES
3401,RODAR
3402,XAUAL
3403,SOSIA
3404,REGAI
3405,ZEBRO
3406,AGAVE
3407,GELAM
3408,GLOTE
3409,ESFIA
3410,SOLTE
3411,FATUO
3412,LAMBE
3413,BORRO
3414,ENDES
3415,CHUTE
3416,FERIO
3417,XAREL
3418,XISTA
3419,CHULE
3420,FILER
3421,BANHA
3422,SAVIO
3423,PORCA
3424,APARA
3425,RACHA
3426,BOCHE
3427,NILZO
3428,SERRE
3429,CHAPO
3430,BABAU
3431,VATES
3432,AFLAR
3433,JANTA
3434,PEMBA
3435,ASSAM
3436,SUSAS
3437,MAUSE
3438,FALAR
3439,ORNEI
3440,TIREM
3441,PUJAI
3442,HAVEI
3443,RENDA
3444,CISAO
3445,LONJA
3446,PINEU
3447,SERVE
3448,PINGA
3449,OREIS
3450,GESTO
3451,ADIEI
3452,PUJEM
3453,PRAXA
3454,TOLDA
3455,FULAR
3456,GNOSE
3457,DOAVA
3458,FORMA
3459,LUANA
3460,MAILU
3461,VENDE
3462,PUJAS
3463,PILOU
3464,EDENS
3465,MESMO
3466,ZINIR
3467,OPTOU
3468,MIJEI
3469,TICAR
3470,DELES
3471,ADOBO
3472,PISTO
3473,SIRGO
3474,AROMA
3475,FUSAO
3476,LADOS
3477,LANDE
3478,GORRO
3479,BICHA
3480,LATIR
3481,CAIXA
3482,BAMBO
3483,TOGAR
3484,VEPSA
3485,RASPO
3486,NEVAS
3487,ALCEA
3488,AMIDO
3489,ANIAO
3490,OJIJI
3491,CAFRE
3492,ALHAR
3493,LEPRA
3494,ACOES
3495,RUBOR
3496,MAJOR
3497,DANAI
3498,HARPA
3499,LASSO
3500,PLATO
3501,DAMAO
3502,COCAO
3503,ALABO
3504,BERCA
3505,EXUMA
3506,CRIAI
3507,CHEIA
3508,FORRA
3509,SOLAZ
3510,ALGAR
3511,FODAS
3512,OPTAI
3513,AIALA
3514,ROSAM
3515,VALOR
3516,CHANA
3517,CREME
3518,PAVIA
3519,RIBAS
3520,RAPEL
3521,RATEM
3522,LAVES
3523,FACHA
3524,ECOAR
3525,LAVOU
3526,BASTO
3527,MIOJO
3528,NINAS
3529,TAPAI
3530,AZULO
3531,LACAO
3532,JEQUE
3533,CATAS
3534,ELISA
3535,GNOMO
3536,SUAZI
3537,SERPA
3538,POSEM
3539,PUNHA
3540,LIMAS
3541,ADEJE
3542,ROSEM
3543,ENFIA
3544,BRIGA
3545,REMOA
3546,JONAS
3547,CLORO
3548,NEGRO
3549,POTRA
3550,TOCAR
3551,COXIA
3552,DARAO
3553,CIFRO
3554,BEBAS
3555,CADEA
3556,CAVAR
3557,MEADO
3558,ZOMBE
3559,ALEPA
3560,AROLO
3561,FOLGA
3562,ITAPE
3563,ATRAS
3564,ROSOS
3565,ANIMO
3566,XEXEU
3567,TETRA
3568,POISA
3569,PURGA
3570,ZURUO
3571,TISSO
3572,RINSE
3573,BRUNI
3574,FEIJO
3575,GALIO
3576,MAMAR
3577,MESTO
3578,RUMAI
3579,FREIO
3580,DORIA
3581,JUTAI
3582,DECEI
3583,POUSA
3584,ATICA
3585,MUNDO
3586,CAETE
3587,ROLAI
3588,ARIDO
3589,LUCRO
3590,BRASA
3591,SUECO
3592,HANJA
3593,VINDA
3594,LOGRO
3595,MEKEO
3596,SINTA
3597,ALTAS
3598,ERZYA
3599,VAPOR
3600,MIJES
3601,ZANZO
3602,ALVOR
3603,PATAU
3604,GURME
3605,TANDA
3606,BOCAO
3607,VALSA
3608,TRAGO
3609,BUTIM
3610,TUTAR
3611,CAROS
3612,TOLHO
3613,CARPO
3614,CALIX
3615,BOXES
3616,LEIVA
3617,CLAMO
3618,JOSUE
3619,MESON
3620,PYXIS
3621,ABANE
3622,FIXAS
3623,FRAGA
3624,MUDAR
3625,PREGA
3626,CACRE
3627,CHITO
3628,BOIAO
3629,ERAIS
3630,UBERE
3631,ERROU
3632,RAMAR
3633,ANTAO
3634,FOFAO
3635,BALCA
3636,ZOMBA
3637,ABOFE
3638,CISMA
3639,SOLTO
3640,BANZO
3641,GUIAR
3642,JEGUE
3643,TESAI
3644,DUCTO
3645,MUTUM
3646,MIAMI
3647,MINEM
3648,ZANZE
3649,CREPE
3650,FOTOS
3651,PUJES
3652,QUERO
3653,TORNA
3654,SANCA
3655,HYDRA
3656,SAUIS
3657,PACOS
3658,CIRIO
3659,GRUDE
3660,ARILO
3661,BERRO
3662,GAUGE
3663,DOCIL
3664,ABADA
3665,COISA
3666,ASSAS
3667,RUGIR
3668,ZAIRA
3669,ALESC
3670,PERUA
3671,COPAR
3672,RISSE
3673,COLAR
3674,MOFEM
3675,AZERI
3676,FECAL
3677,PERSA
3678,SURFE
3679,ESTIO
3680,TENSO
3681,JAIME
3682,ALVAS
3683,NOVES
3684,SAETA
3685,GRIFE
3686,CESTO
3687,ROLDA
3688,REFEM
3689,DIREI
3690,OXIDE
3691,TOLER
3692,AGRAZ
3693,FLORE
3694,LICRA
3695,PIALO
3696,TRACE
3697,MESAS
3698,POEJO
3699,VANIO
3700,ACESO
3701,VOLPS
3702,LOGAR
3703,VIRIS
3704,SINDI
3705,PAPER
3706,COFRE
3707,BOTES
3708,BETAR
3709,POITA
3710,APPLE
3711,SHARE
3712,ACNUR
3713,FERIR
3714,LUTIE
3715,SETOR
3716,JUIZO
3717,IVANA
3718,SABER
3719,PELAS
3720,VACUO
3721,BICOS
3722,SACAL
3723,HALFE
3724,NOEMI
3725,ATROS
3726,LIDOU
3727,POJAM
3728,TOTAL
3729,ANAIS
3730,MAFIA
3731,CORRE
3732,PELEI
3733,ALISE
3734,OMITA
3735,SAPOS
3736,ALAZA
3737,STOUT
3738,TEMPO
3739,QUIUI
3740,ADRIA
3741,CISTO
3742,SUSHI
3743,PAPAI
3744,POLCA
3745,SUITE
3746,LARGO
3747,PARAS
3748,LAMAS
3749,DALVO
3750,FUCAR
3751,CALHA
3752,TAMOS
3753,ACUAI
3754,DUPLA
3755,RIMEM
3756,ARJAO
3757,CAMPO
3758,UAICA
3759,JASPE
3760,GORGA
3761,GRAXA
3762,VITAL
3763,VISTA
3764,PRIOR
3765,URRAR
3766,NOIRO
3767,ANAMA
3768,ALALC
3769,NUDEZ
3770,NIGUA
3771,PUXEI
3772,FIGLE
3773,SHAPE
3774,ROLDO
3775,PCDOB
3776,POJEI
3777,AGADE
3778,GRADE
3779,SENAS
3780,DOCES
3781,OPTEI
3782,MAULA
3783,EVORA
3784,CHEFE
3785,FATAL
3786,JARAI
3787,BARDA
3788,ANORI
3789,TRUPE
3790,REPTO
3791,INDEX
3792,LOGRA
3793,ROJEM
3794,PAGUE
3795,IMIGA
3796,FLOCO
3797,AINAO
3798,SONSA
3799,LILIO
3800,GLENA
3801,ACTOL
3802,EPOXI
3803,ALCAS
3804,AUCAO
3805,IRUPI
3806,FOUTO
3807,TREMA
3808,CIPRO
3809,SOBEU
3810,RAFEI
3811,FERIE
3812,BOLHA
3813,INUME
3814,MAGRO
3815,REVEL
3816,FATIE
3817,ESSES
3818,SERIE
3819,GERIS
3820,SAUCO
3821,FALCA
3822,SELHA
3823,DAREI
3824,TOUPA
3825,XOTAM
3826,NAVIO
3827,BLEND
3828,PAFOS
3829,ALINE
3830,TAMEM
3831,REMIR
3832,PAREM
3833,MANSI
3834,VALSO
3835,TATUI
3836,VELES
3837,TEMOR
3838,FIADO
3839,LOPES
3840,GERAM
3841,TILTE
3842,ASPAS
3843,NUNES
3844,EXUME
3845,PALAO
3846,ANULO
3847,SOLOS
3848,SOMEI
3849,GICLE
3850,TABUS
3851,AUDAZ
3852,VALVA
3853,PIRUA
3854,SOGRO
3855,BABAO
3856,ANODO
3857,IDOSA
3858,LAMPO
3859,FRAME
3860,DELAS
3861,LIBOU
3862,LUNAR
3863,ATESO
3864,CREDE
3865,FILIE
3866,UBATA
3867,ROLAM
3868,VAIBE
3869,ABREU
3870,FRITA
3871,TINTO
3872,EVITE
3873,FADAR
3874,FUROR
3875,BRUMA
3876,CABRE
3877,BOITE
3878,TESEM
3879,ANTAS
3880,ALICE
3881,BIGUE
3882,FERAS
3883,LIXOS
3884,FOGAO
3885,BRAMA
3886,GANIR
3887,CANDE
3888,MONIZ
3889,CLADO
3890,LISTA
3891,TEXTO
3892,ANELO
3893,ARUME
3894,CIRIA
3895,XIANG
3896,DRAGA
3897,FANHA
3898,URUTU
3899,GORDA
3900,ZIPEI
3901,LASSA
3902,CRIAM
3903,TORDO
3904,MIOMA
3905,CROIA
3906,PORCO
3907,NADIR
3908,OSMIO
3909,ARARI
3910,OBROU
3911,NOELI
3912,PENOU
3913,CALMA
3914,MICHO
3915,LUTEI
3916,BIPES
3917,ZELIA
3918,ROMAM
3919,VIDAR
3920,ETANO
3921,FOFAI
3922,LAVRA
3923,PORAS
3924,PENCA
3925,IGARA
3926,MORSO
3927,FOFAM
3928,ALANA
3929,TRUTA
3930,RECHO
3931,PAPAO
3932,BOLSO
3933,MITRA
3934,SEGUE
3935,TABOA
3936,COINE
3937,VAGIR
3938,IBIRA
3939,POSTO
3940,HELGA
3941,CRUEL
3942,GARBO
3943,ALANE
3944,PEDRO
3945,TEIMO
3946,KUDZU
3947,AFUDE
3948,MUNIR
3949,VACAR
3950,MUSCA
3951,HERDE
3952,ZAGAL
3953,ITAGI
3954,MESMA
3955,VARJA
3956,PADRE
3957,MOGAO
3958,ALADI
3959,DENDE
3960,TIPOI
3961,BREIA
3962,GEISE
3963,QUARK
3964,ALIAR
3965,DOBRO
3966,PECHA
3967,GERAR
3968,APEAR
3969,ANEXO
3970,RISCA
3971,BAUNA
3972,JORRA
3973,FINES
3974,TORVO
3975,AONDE
3976,PANDO
3977,MUDEZ
3978,RELHA
3979,DOUDA
3980,PRAZO
3981,LIMPO
3982,BISEI
3983,DRAFT
3984,MAISO
3985,CESSE
3986,GALHO
3987,NINAM
3988,CILIO
3989,OURAR
3990,BURRO
3991,CANIL
3992,DITAR
3993,DOTAR
3994,ZAGRE
3995,CATUA
3996,BLUSA
3997,PUJOU
3998,ACAES
3999,MESTA
4000,BLUCO
4001,LAICO
4002,FORTE
4003,MIGAS
4004,NONAS
4005,ORLAR
4006,ILUDO
4007,PLACA
4008,MAUES
4009,MOCHA
4010,TAIPA
4011,NOVOS
4012,PANGO
4013,SALTE
4014,TALAS
4015,PUTOS
4016,BEATO
4017,VISON
4018,POMAR
4019,SETAS
4020,MORCA
4021,REPOS
4022,SECAR
4023,CAFUA
4024,SIRTE
4025,VALAO
4026,BALDA
4027,GUEIS
4028,GELAR
4029,MACAE
4030,MAURA
4031,PEGAS
4032,JACRE
4033,SUJAS
4034,RALAR
4035,ELEMI
4036,POMAS
4037,LIBRE
4038,VETOR
4039,RASCA
4040,SAPAO
4041,OTICO
4042,FEOFO
4043,GRACO
4044,UCCLA
4045,DECEM
4046,ABATI
4047,DINDA
4048,XORCA
4049,SIRGA
4050,ARMAI
4051,TASTO
4052,SALAS
4053,AREJO
4054,PARGA
4055,BINGA
4056,ZIPAS
4057,RALAM
4058,EXATA
4059,TALAI
4060,EXIME
4061,BALHO
4062,ERRES
4063,TAPOU
4064,IDOLO
4065,TREVA
4066,FERAZ
4067,TAXAI
4068,TERNO
4069,MIRTO
4070,ORNES
4071,VIROU
4072,BANIR
4073,MOIDO
4074,COMBO
4075,EPICA
4076,ISOLO
4077,ARCAZ
4078,IGACI
4079,ZIPER
4080,LUGAR
4081,ANEIS
4082,LUXAS
4083,FRETE
4084,RUMAS
4085,OUROU
4086,FONTE
4087,LIAIS
4088,DUBIO
4089,BAMBU
4090,FURES
4091,SUSTA
4092,ETILA
4093,TIBAR
4094,INATO
4095,TOMOS
4096,CIFRA
4097,LEIDE
4098,BEATA
4099,MINES
4100,CALOS
4101,LEITO
4102,MISTO
4103,SLANG
4104,AIACE
4105,ALUDI
4106,SUETO
4107,ITOBI
4108,BAOBA
4109,FINDE
4110,HIFEN
4111,DELIR
4112,FICHA
4113,PIABA
4114,GALAI
4115,BAILE
4116,APELO
4117,CARIE
4118,FALTE
4119,SABLE
4120,MORAR
4121,MELRO
4122,VOXEL
4123,SOPAS
4124,NADAM
4125,GOZAI
4126,CHONA
4127,CLOSE
4128,FUZUE
4129,DOLOR
4130,GAVEA
4131,PIORO
4132,PAUIS
4133,UIVAR
4134,GELAI
4135,ELFOS
4136,ATIRE
4137,LESEM
4138,FEROS
4139,FARDA
4140,BRUXA
4141,KAYAK
4142,TODAS
4143,FEIRE
4144,PESEI
4145,AVARE
4146,CANOA
4147,FUGAR
4148,ALAGA
4149,JOICA
4150,ZAMBO
4151,COARI
4152,TELEX
4153,FIXAM
4154,ABOBO
4155,AGAPE
4156,AGORA
4157,ELVAS
4158,SAGRE
4159,PATIM
4160,CUMEL
4161,ROLHO
4162,TACAR
4163,CALHE
4164,CHIBA
4165,MARAA
4166,GUETO
4167,DONDE
4168,LENTA
4169,POCOS
4170,TENDA
4171,ENTAO
4172,MANCO
4173,DESDO
4174,BRODO
4175,DOCEM
4176,LIGRE
4177,PAIBA
4178,RUBRO
4179,TUIDE
4180,AZOEM
4181,ROSES
4182,ATROZ
4183,REGAL
4184,VOTEI
4185,VALDO
4186,VEDRA
4187,TELAM
4188,SALSA
4189,AVECS
4190,LINDO
4191,CILHO
4192,MEIAS
4193,TAIKO
4194,CIADA
4195,LINDA
4196,MEDOS
4197,CRIES
4198,ANDAR
4199,COMER
4200,RODAI
4201,FAUNO
4202,DARDO
4203,PATIS
4204,RIUTA
4205,JEANE
4206,CUAIS
4207,PERDA
4208,MORES
4209,OUTRO
4210,BEIRO
4211,POUCO
4212,KUMYK
4213,ROMEM
4214,LABIA
4215,VERTE
4216,MERDA
4217,LOCAS
4218,TRACA
4219,MARAO
4220,DONDO
4221,TRINA
4222,TAPUA
4223,LESIM
4224,MUDRA
4225,SAIAS
4226,BIDUO
4227,OCTAL
4228,SEGAR
4229,FRILA
4230,URZAL
4231,ITERE
4232,BEBEM
4233,MOROS
4234,NECHO
4235,GORAI
4236,RELAO
4237,HARAS
4238,TIGRE
4239,GOLAR
4240,ITACO
4241,AIRAR
4242,LAVRO
4243,RAPES
4244,TIBAU
4245,ANTRO
4246,GUIZO
4247,RAMPA
4248,ABCAZ
4249,SUABE
4250,BUGIA
4251,ARIEL
4252,DOBAR
4253,FODAZ
4254,ENFIM
4255,FANHO
4256,MELAO
4257,URUBU
4258,EXTRA
4259,CUNHO
4260,VASTO
4261,GERME
4262,BUTAO
4263,OITOS
4264,SEIXO
4265,ANINA
4266,BABES
4267,AMIBA
4268,COROU
4269,TOKYO
4270,VERAZ
4271,CALEM
4272,XAREU
4273,ABNER
4274,AMOJO
4275,DILMO
4276,ELEPE
4277,SAGRA
4278,XAMAS
4279,VIRAR
4280,AZARE
4281,TENIA
4282,CAGAR
4283,TOMAI
4284,PONHO
4285,LEGRA
4286,XOGUM
4287,CORSO
4288,HAIKU
4289,AGITE
4290,GRITE
4291,CARPE
4292,LEIGO
4293,TOSSE
4294,GOULI
4295,MUGIR
4296,CURAO
4297,COSCO
4298,TURUQ
4299,SOCHO
4300,TESAS
4301,DADOR
4302,BARBA
4303,ROSOU
4304,COLMO
4305,CIBAR
4306,VALES
4307,ABALA
4308,VAZEM
4309,LICAO
4310,MAOME
4311,MANIR
4312,ILHOA
4313,QUIPA
4314,NAITE
4315,BANGO
4316,PESCA
4317,CORGO
4318,IMOLO
4319,ADOTE
4320,OUTAO
4321,DEBIL
4322,COLZA
4323,PIEMA
4324,DATAR
4325,CHECO
4326,LARPO
4327,SOLDA
4328,GRITO
4329,VEADO
4330,LISCO
4331,CROCO
4332,ANCHO
4333,CAUPI
4334,MAIRA
4335,MUXAO
4336,REZEM
4337,NISTO
4338,VINGA
4339,AZADO
4340,FARAD
4341,FUSCA
4342,MENSA
4343,IDEAR
4344,PARES
4345,OPTAM
4346,PAULO
4347,BOCOI
4348,MURTA
4349,ZOURA
4350,KOBAN
4351,ULULO
4352,CURAI
4353,COIRO
4354,LUPUS
4355,PERNA
4356,ZUNGE
4357,CAIUA
4358,APOJO
4359,FUTUM
4360,SAHEL
4361,AFAGO
4362,VEDES
4363,VATIO
4364,LIVIA
4365,CESSO
4366,LOBOS
4367,XINTO
4368,CLAME
4369,SOPRE
4370,SOMAS
4371,PLEBE
4372,ROUBA
4373,USEIS
4374,CENAS
4375,CURUA
4376,ALHAO
4377,PORRO
4378,SAIDA
4379,CORGA
4380,PERDI
4381,COSER
4382,FALEM
4383,PARIS
4384,MEIGA
4385,SANGA
4386,SUCIA
4387,LIMBO
4388,FALAS
4389,DANEM
4390,TESEI
4391,PALHA
4392,ENTRA
4393,AZOTO
4394,CHEKA
4395,SLIDE
4396,TONTO
4397,RALEI
4398,SOMAI
4399,SANAR
4400,AZOAM
4401,LOURA
4402,NUVEM
4403,FURNA
4404,SENNA
4405,POLVO
4406,URIBE
4407,TRUFA
4408,CAVES
4409,POPAS
4410,GUAJA
4411,FRACO
4412,GANHA
4413,CALIZ
4414,LUXEI
4415,DECEU
4416,AMAIS
4417,BUCLE
4418,AMAME
4419,MAMAL
4420,ZEROS
4421,MOSSA
4422,FOITO
4423,BERMA
4424,ALAVA
4425,ASSOU
4426,SNACK
4427,ATINO
4428,JUARA
4429,TROVA
4430,RAFEM
4431,DISSE
4432,BRODA
4433,GRAVA
4434,ENGAS
4435,ARAMO
4436,SOUTO
4437,CRIVO
4438,NACHO
4439,ETUDE
4440,TIFEU
4441,VILAS
4442,CUICA
4443,TREVO
4444,BICAR
4445,SOVEU
4446,BIJOU
4447,LIVRO
4448,TENDE
4449,DICAR
4450,OPERO
4451,TORAL
4452,DIMER
4453,VELHA
4454,ETICA
4455,TARAR
4456,DESPI
4457,RONHA
4458,SETAR
4459,ABALO
4460,BNDES
4461,BILAC
4462,NEVAI
4463,ACULE
4464,ARDOR
4465,ADABA
4466,RIMES
4467,TAVAO
4468,ESMAR
4469,CAUSO
4470,FURTO
4471,RIFAR
4472,CELIO
4473,ASEIS
4474,KARBI
4475,ABRIA
4476,CHEGA
4477,MONTO
4478,BOLOR
4479,GRIOT
4480,RITMO
4481,ARIAL
4482,LESCA
4483,PUJEI
4484,ANAOS
4485,ACHEI
4486,MODUS
4487,PENDE
4488,OPACA
4489,COSMA
4490,ENGUA
4491,POCAO
4492,SEIOS
4493,BILAR
4494,VEPSO
4495,SOLDE
4496,KULAK
4497,GASTE
4498,VIDEO
4499,ABACI
4500,SIRVO
4501,TESOU
4502,PENCE
4503,TOLDE
4504,BROMO
4505,PEUVA
4506,GESSA
4507,IRERE
4508,VADUZ
4509,ORNAI
4510,DEIXE
4511,PEOES
4512,FOFAR
4513,BIMBA
4514,COPAO
4515,PONTA
4516,ROXOS
4517,LUTES
4518,UNGIA
4519,CLONE
4520,BULIR
4521,TARJA
4522,FEIRA
4523,GOZAM
4524,AGOGO
4525,ABUJA
4526,MATAR
4527,TRELO
4528,MARGA
4529,XAILE
4530,FAZEM
4531,XABRE
4532,CABAU
4533,FREAR
4534,RUELA
4535,CIVIL
4536,SABRE
4537,ROMOU
4538,AVATI
4539,DORNA
4540,GEBRE
4541,DESTA
4542,SOURE
4543,LESAM
4544,ANEJO
4545,ALGOZ
4546,GALAR
4547,MACIO
4548,CAPAI
4549,TOSTA
4550,MODAL
4551,ZAPAR
4552,ZORRA
4553,AWETI
4554,ALVES
4555,DECIA
4556,SURDO
4557,ALIEN
4558,APARE
4559,LICOR
4560,SENHA
4561,LENIR
4562,VAREM
4563,MATAI
4564,MOLES
4565,LEVAI
4566,ELANE
4567,CAVEA
4568,PEDES
4569,NINJA
4570,ILHEU
4571,ZOMBO
4572,JUNIO
4573,METER
4574,PARTO
4575,FUFIO
4576,BEBEU
4577,CARDA
4578,IVANO
4579,MATOU
4580,PIREX
4581,ITRIO
4582,LUXOS
4583,SOMAM
4584,LINUX
4585,PABLA
4586,JAMBA
4587,GAMBE
4588,NEREU
4589,SOLIO
4590,TIDAS
4591,RADAO
4592,NADAR
4593,OSSOS
4594,TREMI
4595,BRIGO
4596,FELAS
4597,COUPE
4598,AZIMO
4599,GOZEI
4600,SPRAY
4601,ARIMO
4602,CASEM
4603,MUMIA
4604,EPICO
4605,XOTEI
4606,SABEI
4607,MATCH
4608,CAINS
4609,APOIO
4610,GLOBO
4611,RICOS
4612,ABAXO
4613,GEBAR
4614,ROLHE
4615,BODAO
4616,BELFA
4617,USAIS
4618,PEITE
4619,ACOAI
4620,LAUDE
4621,CRIAR
4622,PUXEM
4623,USURA
4624,AFEAR
4625,VIREM
4626,ALOJA
4627,PAPEL
4628,REMAS
4629,AFOFE
4630,MAINE
4631,LUXAR
4632,SOUTA
4633,CORRA
4634,LUSCO
4635,MUCIA
4636,SUINO
4637,CHULO
4638,DUBLE
4639,MOCHE
4640,JAIBA
4641,HULHA
4642,ADIRO
4643,GUGLE
4644,SERVO
4645,PROER
4646,AULAS
4647,TEQUE
4648,VIENA
4649,REINO
4650,BAMBA
4651,LOIRO
4652,ASSAR
4653,REDES
4654,NABAL
4655,VENCI
4656,OURAI
4657,NOUTE
4658,DURAS
4659,GLOSE
4660,NORMO
4661,TELOU
4662,LABIO
4663,PUXAO
4664,FURIA
4665,VIGER
4666,GOLES
4667,CORDA
4668,VULVA
4669,VIANA
4670,JAMBO
4671,JUSTO
4672,TEMAS
4673,PIVOT
4674,ROIAM
4675,USINA
4676,INALO
4677,PAINS
4678,JORNE
4679,AXILA
4680,SEJAM
4681,FOFES
4682,AGORA
4683,CEDRO
4684,OCASO
4685,EXATO
4686,FRIUL
4687,JOTAS
4688,LISOL
4689,JAGOZ
4690,TRESA
4691,HAJAM
4692,AREJE
4693,PALAS
4694,PEUGA
4695,BOFAS
4696,TORIO
4697,SOLTA
4698,RIMAM
4699,GUITO
4700,RAFAS
4701,PLANE
4702,CAIRU
4703,POJEM
4704,QUIVI
4705,ARACI
4706,CAVAM
4707,ODIOS
4708,DILMA
4709,OITAO
4710,GALEM
4711,NASSA
4712,PESEM
4713,TURFA
4714,TOSEM
4715,ROCIE
4716,BONDE
4717,ROMEU
4718,CORRI
4719,OBITO
4720,URGIR
4721,PISOU
4722,CUATA
4723,UMBRO
4724,INALE
4725,SUDRO
4726,SORNA
4727,JOEIS
4728,MURRA
4729,COLES
4730,MIJAI
4731,VEIRO
4732,APICE
4733,COLMA
4734,BRUAR
4735,CABRO
4736,REFRI
4737,ARUJO
4738,ANADA
4739,PEDAL
4740,ETNIA
4741,VANTE
4742,VIRIL
4743,CIMAO
4744,GOLAS
4745,FRUTO
4746,SINHA
4747,SWING
4748,GAZUA
4749,NALGA
4750,OMNIA
4751,IROSO
4752,ESPRU
4753,ORFAO
4754,GUISA
4755,REMAM
4756,ADIAM
4757,RACAS
4758,AROSI
4759,HEROI
4760,GODIA
4761,LEIXE
4762,MONIA
4763,FOTON
4764,SENTE
4765,ASSAZ
4766,ARELE
4767,ALGUR
4768,PENAL
4769,PROFE
4770,TRECO
4771,ITERO
4772,LIDAM
4773,SALSO
4774,LIRIA
4775,RECTA
4776,VODKA
4777,ZIPAI
4778,CAIBI
4779,JADER
4780,TAXAS
4781,TODOS
4782,NILAS
4783,NUBEO
4784,ANDAM
4785,CLERO
4786,PISAR
4787,TROAR
4788,FOSSE
4789,CAPOA
4790,LESAR
4791,FARTO
4792,SECOS
4793,GANHE
4794,SUELI
4795,ARTES
4796,ISCAR
4797,ATUOU
4798,SIGLA
4799,ANANO
4800,BARBO
4801,LEVAS
4802,NADOU
4803,CAVEM
4804,SOIAS
4805,TOMAM
4806,ALIAS
4807,CERVO
4808,MUFLA
4809,EXALO
4810,RONDA
4811,GABIA
4812,BIARI
4813,ZOUPO
4814,SAFAR
4815,COPIO
4816,FULER
4817,ARREU
4818,VOCLP
4819,GAIVA
4820,ESPIE
4821,AFANO
4822,USADA
4823,SLICK
4824,PAVIO
4825,FUMEI
4826,BISCA
4827,ROSCA
4828,MAIRI
4829,XENIO
4830,ABADE
4831,ARDIS
4832,TESAM
4833,SCHWA
4834,GUSPE
4835,LAIDO
4836,VENTO
4837,VALSE
4838,CENTO
4839,ALADO
4840,CABAZ
4841,SUFLE
4842,BRETE
4843,ILESO
4844,VOGAR
4845,OVULO
4846,CALOU
4847,PISAI
4848,QUETO
4849,BACON
4850,CANAL
4851,DUCHO
4852,BODAS
4853,UIVOS
4854,MIDIA
4855,LIBAS
4856,LESAS
4857,ANIXO
4858,AJAJA
4859,CEROL
4860,VALAS
4861,WICCA
4862,JOAES
4863,FUMAS
4864,AGITO
4865,MIRIA
4866,VEIAS
4867,ZIPAR
4868,UVULA
4869,TARRO
4870,DEISE
4871,LIDIO
4872,LANHA
4873,NEVEI
4874,MONGE
4875,SAVIA
4876,SABIO
4877,RACUM
4878,CHAPA
4879,SUBIR
4880,DERBI
4881,TECER
4882,BIRRA
4883,POUSO
4884,NOVAS
4885,FACTO
4886,TRAPO
4887,LIDEM
4888,BORNO
4889,ALOJO
4890,HAULE
4891,CEMBA
4892,LANCE
4893,ASTRO
4894,TONAR
4895,BIOCO
4896,RATAI
4897,JURAR
4898,ADORE
4899,POUTA
4900,ARIOS
4901,RASOS
4902,MUSSE
4903,GARRA
4904,NUCAO
4905,LEGUE
4906,LACOS
4907,GRUDO
4908,VENAL
4909,PEIDO
4910,INCAR
4911,ACUTA
4912,FECHA
4913,FOLIO
4914,TIROU
4915,TEBAS
4916,DUCHA
4917,BUGIE
4918,VIELA
4919,PELEU
4920,OPERE
4921,IDEAL
4922,MUDEM
4923,CERCE
4924,ATUES
4925,CHOTO
4926,MANDI
4927,FOLIE
4928,FIUZA
4929,PODAR
4930,ACUSE
4931,DROGA
4932,MORAM
4933,PICOS
4934,ANJOS
4935,CURRY
4936,RASAS
4937,MAIAS
4938,REZES
4939,OBTER
4940,UNHAS
4941,BALIR
4942,HIRTO
4943,BACIO
4944,FOLHA
4945,MOVER
4946,PUXAI
4947,BILAU
4948,JORNA
4949,NAKFA
4950,ENTRE
4951,BOTOX
4952,PASMO
4953,BOIIL
4954,BABEI
4955,VIDRO
4956,STOLL
4957,BEGUA
4958,FATIO
4959,LESTE
4960,SORVO
4961,BIGLE
4962,RATAO
4963,SACHA
4964,MOGOR
4965,OSEAS
4966,PEGAR
4967,BRACA
4968,HUMOR
4969,GATAS
4970,OTIMO
4971,POSTE
4972,FUMES
4973,ETENO
4974,VINHA
4975,LAIAR
4976,NEGAO
4977,JOGAR
4978,ATRIO
4979,QUATA
4980,RASAR
4981,AMITO
4982,ANITA
4983,NADOS
4984,EIXOS
4985,ATOMO
4986,XOCAR
4987,GEREM
4988,ACAJU
4989,ATESE
4990,GENTE
4991,DURAM
4992,ROJAS
4993,VATEL
4994,ASSIM
4995,TAXAR
4996,BURRA
4997,PERES
4998,CEVAR
4999,AGUAS
5000,ASNAR
5001,SARRA
5002,BAZAR
5003,RUBIS
5004,COUCE
5005,RAPAI
5006,GAITA
5007,CEFEU
5008,CONGO
5009,NAURU
5010,TISNE
5011,RASGA
5012,TRATA
5013,CAULE
5014,ADAME
5015,POCHA
5016,CHUTO
5017,FILIO
5018,JOOES
5019,VIREI
5020,BELAS
5021,CANAS
5022,VINCA
5023,TIVER
5024,LESTA
5025,JEOVA
5026,ROMAR
5027,USAVA
5028,SACAR
5029,KIRIE
5030,LOIOS
5031,XOFRE
5032,COLEI
5033,MEXIR
5034,FATIA
5035,LAPIS
5036,OBSTA
5037,TIMER
5038,FOGES
5039,LORDE
5040,TAIPU
5041,MULTE
5042,AVARA
5043,AVENA
5044,TODES
5045,CENSO
5046,BEDEL
5047,HONRA
5048,CRIOU
5049,TURVE
5050,WOLOF
5051,ANITO
5052,MOFAI
5053,DOURE
5054,ALUAR
5055,PANDU
5056,VELOU
5057,XEBRA
5058,TIMBA
5059,ADEGA
5060,FLUIR
5061,CILHA
5062,FUMOS
5063,CESTA
5064,APOLO
5065,BETIM
5066,MERCA
5067,PARIR
5068,SOVEM
5069,GICLO
5070,PARRO
5071,RIPAR
5072,DEIXO
5073,GELEM
5074,SORVA
5075,LOBBY
5076,HASTA
5077,CONTA
5078,TOUTA
5079,NANAR
5080,FIXES
5081,START
5082,TERAO
5083,PEDIA
5084,SENDO
5085,IURTA
5086,CURES
5087,SOFTA
5088,LESOU
5089,CIUME
5090,BANIS
5091,BOLAR
5092,ACOAR
5093,UNICA
5094,SAZAO
5095,OSTRA
5096,RALES
5097,TUTAS
5098,ERRAR
5099,MEXER
5100,SONAR
5101,SEVAM
5102,CROAC
5103,ADRIO
5104,CANSO
5105,ERADO
5106,ROUBE
5107,MELAR
5108,CITEI
5109,CRAVO
5110,MOCOS
5111,PROBO
5112,IJACI
5113,PUERA
5114,LUTOU
5115,LUITA
5116,SACUE
5117,OPINE
5118,ZAZAO
5119,VOUGO
5120,BESTA
5121,ROJAI
5122,ABACO
5123,TAPAM
5124,CATAM
5125,BUZIO
5126,CATES
5127,VERCA
5128,COAVA
5129,OCAPI
5130,COVIA
5131,FOULA
5132,BECAS
5133,VAZIA
5134,QUOTA
5135,NHOCA
5136,REJAO
5137,NEVEM
5138,ARGAN
5139,ADIAS
5140,LODAO
5141,ICARO
5142,COIAS
5143,SCOUT
5144,CASPA
5145,POJES
5146,OBOES
5147,VISAO
5148,DUBIA
5149,OROCO
5150,NICHA
5151,CHEVA
5152,UVAIA
5153,OPIMO
5154,GOZOU
5155,FOSSO
5156,MEIOS
5157,OCUPA
5158,AFARE
5159,TARSO
5160,FORJA
5161,CASTA
5162,MAMEY
5163,SALAI
5164,PELAM
5165,TOPEM
5166,CALAI
5167,TACHE
5168,OUVIR
5169,DETER
5170,CUPIM
5171,BANIU
5172,ELIAS
5173,RAPAM
5174,REDOR
5175,ELISO
5176,SUJOS
5177,CASTO
5178,RIMAS
5179,FATOR
5180,PATOA
5181,FRASE
5182,AFALA
5183,MACAR
5184,ESGAR
5185,DOULA
5186,VALDA
5187,ANDAS
5188,TRICK
5189,ACASO
5190,GRIDE
5191,JUNTA
5192,BISPA
5193,MUDES
5194,COITE
5195,DIECO
5196,TAPEM
5197,ALGOR
5198,QUECA
5199,VAZAI
5200,PIUMA
5201,CAVEI
5202,PILIO
5203,ATUEI
5204,MUQUE
5205,FEIXE
5206,TROTE
5207,IRATI
5208,CATEM
5209,RUMOU
5210,BUCHO
5211,GAIAR
5212,RABIL
5213,RUMEM
5214,ANOTO
5215,OPTAS
5216,SOROS
5217,FEBEU
5218,BROXA
5219,TEMOS
5220,VILAO
5221,CHAPE
5222,POSAR
5223,LARGA
5224,SAMOA
5225,ORATE
5226,BAETA
5227,VIGOR
5228,MISSE
5229,LHANO
5230,GEREI
5231,PORRE
5232,UNGIR
5233,LIBAR
5234,REUSO
5235,TECLA
5236,UREIA
5237,GEODO
5238,TENTE
5239,VAZAM
5240,MATEI
5241,OLHAI
5242,MOUSE
5243,REMOO
5244,SOMOU
5245,URSOS
5246,APIAI
5247,ALFAR
5248,LADRE
5249,MIJAO
5250,ZELAM
5251,ADVIR
5252,RODIO
5253,DANCE
5254,DIZIA
5255,BURCA
5256,CEDER
5257,DESCA
5258,NEVAR
5259,SENTO
5260,UBAIA
5261,TAMAO
5262,FISGA
5263,ALVOS
5264,GAGUE
5265,DRACO
5266,ARULA
5267,TIRAS
5268,ABADA
5269,FRITO
5270,MOCAO
5271,PESES
5272,IREIS
5273,AZOAI
5274,ROJEI
5275,FUNGA
5276,CRAWL
5277,ACUES
5278,ATUAS
5279,BOCAS
5280,ECRAN
5281,MOINA
5282,PERRO
5283,NICAR
5284,UIVAS
5285,MUITO
5286,BEICO
5287,LEXIA
5288,VIVIA
5289,PUNAS
5290,TESAO
5291,ABALE
5292,NAOMI
5293,CANON
5294,CLEAN
5295,NEGAR
5296,GIRUA
5297,PENAM
5298,PROTO
5299,BOICA
5300,PAREI
5301,IAQUE
5302,BASSE
5303,GERAS
5304,NIQAB
5305,CASSO
5306,LIEIS
5307,COUVE
5308,RAFAI
5309,ADAES
5310,CUIDO
5311,GUSLA
5312,CATOU
5313,FARMA
5314,VIROL
5315,DELEI
5316,TUNAS
5317,GOSTA
5318,IMITA
5319,JOANA
5320,PARAR
5321,MOADO
5322,COLEM
5323,BANGA
5324,FELPO
5325,GANSO
5326,NANJA
5327,SALDO
5328,AMEAR
5329,MACRO
5330,FLATE
5331,CABOS
5332,ROLEI
5333,FORUM
5334,PAGAO
5335,SAGAZ
5336,PENEI
5337,RUBRA
5338,VAGAR
5339,MOGNO
5340,BANEM
5341,PAIXA
5342,BOTAR
5343,JUROU
5344,CONHO
5345,PRION
5346,FALHO
5347,PIORE
5348,SOVOU
5349,NUBIL
5350,MUQUI
5351,TRICA
5352,CODEA
5353,NONES
5354,PODOA
5355,ILUDA
5356,QUARE
5357,CLUBE
5358,CUTER
5359,NODAR
5360,GIRAR
5361,MUNTO
5362,PENAI
5363,PREGO
5364,PAUSA
5365,FUGIU
5366,MUSME
5367,CARPA
5368,LUMEN
5369,MEQUI
5370,BAREM
5371,CIPRA
5372,CHIBO
5373,TELAR
5374,BALSA
5375,ANULE
5376,VIGIO
5377,VILAR
5378,ADIOU
5379,ARCOL
5380,BAIXE
5381,PARAU
5382,LAGOS
5383,TAROT
5384,SEIVA
5385,SILFO
5386,ALCAR
5387,XHOSA
5388,LORFO
5389,DEITA
5390,COSCA
5391,DECAM
5392,BAILA
5393,BOITA
5394,CURDO
5395,TOSTE
5396,FILHA
5397,SUTIS
5398,CAVAI
5399,PUTAO
5400,MIITE
5401,LUCAS
5402,BALAR
5403,LERDO
5404,MEIRE
5405,VIGIL
5406,MORNE
5407,FUMOU
5408,CANJA
5409,IPABA
5410,SALAZ
5411,CABER
5412,GANDA
5413,FOSCA
5414,TURNE
5415,BOCHA
5416,SOUBE
5417,JOLHO
5418,ADAMO
5419,PATAS
5420,GOSMA
5421,LOTUS
5422,NOTOU
5423,COMAS
5424,MOFAR
5425,HIENA
5426,VINDE
5427,SEREI
5428,ORGAO
5429,NECRA
5430,PRECE
5431,POSTA
5432,PLICA
5433,TETIS
5434,IRANI
5435,OBRAR
5436,MOUTA
5437,OGANO
5438,ITAJE
5439,RALHO
5440,SALHO
5441,BOBOT
5442,VEZES
5443,REZAI
5444,INCAS
5445,PILEI
5446,JUNIA
5447,RETAS
5448,VEADA
5449,ALOES
5450,PISAS
5451,BANTO
5452,JUNTO
5453,OTITE
5454,MICAR
5455,XOTEM
5456,FAITO
5457,TESTO
5458,PIZZA
5459,IGUAL
5460,JUINA
5461,TRIPE
5462,COPOM
5463,ANAHY
5464,LABEU
5465,FARIA
5466,PREZO
5467,LUTAR
5468,VISEU
5469,RANGO
5470,GUAXO
5471,QUITE
5472,AMARO
5473,MIREI
5474,MOFES
5475,DOURA
5476,TRIGO
5477,IMPIA
5478,FEBRE
5479,RELES
5480,RUINA
5481,PILHA
5482,VORAZ
5483,DALIA
5484,FOSTE
5485,MONSO
5486,SAMBA
5487,TRARA
5488,BUNHO
5489,LAREU
5490,RUGBY
5491,PILUM
5492,CREIO
5493,TIAGA
5494,VENDO
5495,HUSAR
5496,MANSO
5497,ROCIM
5498,ATONI
5499,ARELA
5500,ALIBI
5501,PENSO
5502,NESTA
5503,ABOCO
5504,CALCE
5505,LITES
5506,MUITA
5507,COBRE
5508,AARAO
5509,TEUDO
5510,ACUEM
5511,IMIGO
5512,JIRAU
5513,CITAI
5514,VIRGO
5515,ERERE
5516,JORRO
5517,SACIO
5518,COLOU
5519,NORAS
5520,CHAGA
5521,LINFA
5522,NAROM
5523,VEGAN
5524,VEXAR
5525,REMES
5526,BUMBO
5527,DACAO
5528,AFADE
5529,GUGLO
5530,ABACA
5531,PUNIR
5532,INDUS
5533,SOPRO
5534,LAMIA
5535,DACAR
5536,DISSO
5537,CURAM
5538,TAIER
5539,SICLO
5540,CAIOS
5541,REBOO
5542,TENSA
5543,ADITO
5544,GELOU
5545,MOTAR
5546,TECLE
5547,HAPAX
5548,VENHA
5549,COITA
5550,BEBUM
5551,BIANA
5552,SUBIS
5553,BINAR
5554,CLIMA
5555,PONTO
5556,DAVID
5557,TANSA
5558,FEBRA
5559,JUSAO
5560,HAREM
5561,PLENO
5562,LANHO
5563,ANONA
5564,MAGOS
5565,ROSNE
5566,SUEVO
5567,BAIAR
5568,PODEM
5569,ROTAR
5570,PARIU
5571,ASCII
5572,COVER
5573,GREVE
5574,NILOS
5575,BORAX
5576,MARAR
5577,PROSA
5578,DANES
5579,BIELA
5580,ROSEO
5581,BOATE
5582,GOLPE
5583,ALGAS
5584,ROMBO
5585,DRENE
5586,TROPO
5587,LASCA
5588,TURNO
5589,PAGER
5590,CERDA
5591,TUTES
5592,XELIM
5593,MONTE
5594,PROVE
5595,RONDE
5596,CHATA
5597,FUZIL
5598,BARCO
5599,VAZAO
5600,DUROU
5601,REMOU
5602,PAMPO
5603,NENEM
5604,PULGA
5605,AVISE
5606,PAIRO
5607,FORNO
5608,LATIA
5609,FICOU
5610,LUEIS
5611,LEVES
5612,VIRES
5613,GORES
5614,RODEM
5615,SUPRE
5616,ASSUA
5617,DETEM
5618,ACTOR
5619,VEDAR
5620,CHEDE
5621,GOCHO
5622,CASOS
5623,TRAIR
5624,TIBIO
5625,FUSTE
5626,FUNIL
5627,ADULO
5628,VAMPE
5629,FIMIA
5630,XOPIM
5631,DONAS
5632,NEPAL
5633,DOMAR
5634,LOCAL
5635,TONAL
5636,POLHO
5637,RIANA
5638,MOEIS
5639,DOIAM
5640,COSME
5641,ERRAI
5642,CANTE
5643,PELAR
5644,DECER
5645,FURAO
5646,FURTA
5647,ANDEM
5648,FRUIS
5649,VADIA
5650,FALAI
5651,FORCE
5652,DIZEM
5653,HEMOS
5654,ULPIA
5655,FLASH
5656,BASES
5657,CASAI
5658,FIAMA
5659,GOIVA
5660,CAPEM
5661,RINSO
5662,REBAR
5663,GIBAO
5664,HEDRA
5665,MAMBA
5666,DANDO
5667,APORA
5668,CUREM
5669,NORSA
5670,HORTO
5671,REZOU
5672,PISEM
5673,CONAS
5674,PULHA
5675,ILHAS
5676,CLINA
5677,GOZAS
5678,MESES
5679,STOCK
5680,PROVA
5681,FOCAO
5682,SOCAR
5683,CALEI
5684,GOELA
5685,TRELA
5686,DEVES
5687,MADRE
5688,MIUDO
5689,JATEI
5690,FAIXA
5691,RURAL
5692,OBRAM
5693,PERLE
5694,ARDIA
5695,TELEM
5696,ABECO
5697,COTRA
5698,PETIZ
5699,BORBA
5700,ADIAR
5701,DEDAO
5702,MAMBO
5703,ACHAM
5704,IRENE
5705,PROFa
5706,GOROU
5707,ANOES
5708,BULHO
5709,DESCI
5710,LUMIA
5711,NAGAR
5712,FUROU
5713,CALES
5714,TURBE
5715,AJUDA
5716,ODEON
5717,LADRO
5718,UVIAR
5719,VIVAZ
5720,ARACA
5721,BROTE
5722,PRIMO
5723,ANUIR
5724,CANGA
5725,IRITE
5726,NUVEO
5727,BURLA
5728,ACETO
5729,APURE
5730,JAVRE
5731,KONEL
5732,DINKA
5733,RIMAI
5734,ATUAI
5735,OUVIA
5736,PINHA
5737,GAIAS
5738,COSTO
5739,COPLA
5740,LISTA
5741,PROCU
5742,APODO
5743,AQUEM
5744,ARAME
5745,ARARA
5746,ARCOS
5747,AREAL
5748,AREIA
5749,ARENA
5750,ARGEL
5751,ARIAS
5752,ARIES
5753,ARIGO
5754,ARQUI
5755,ASARA
5756,ASSAI
5757,ATARA
5758,ATEIA
5759,ATICO
5760,ATLAS
5761,ATREU
5762,AUREA
5763,AVARO
5764,AVELA
5765,BABEL
5766,BAGRE
5767,BAIAO
5768,BANCA
5769,BANDA
5770,BANDO
5771,BARAO
5772,BARRA
5773,BARRO
5774,BAURU
5775,BENTO
5776,BEQUE
5777,BICAS
5778,LISTA
5779,PROXI
5780,PALAV
5781,DE VO
5782,40399
5783,26603
5784,16234
5785,5763 
5786,11555
5787,8076 
5788,SABER
5789,PRIVA
5790,INFOR
5791,LISTA
5792,PROCU
5793,BOCAL
5794,BONUS
5795,BORAS
5796,BORDO
5797,BOROA
5798,BRACO
5799,BRAGA
5800,BREJO
5801,BREVE
5802,BROCA
5803,BRUNA
5804,BRUNO
5805,BUCAL
5806,BUENO
5807,BUGRE
5808,BUNDA
5809,BUQUE
5810,BURIL
5811,BUTIA
5812,CAABA
5813,CACHE
5814,CAFES
5815,CAIBO
5816,CAICO
5817,CAIRO
5818,CALCO
5819,CALVA
5820,CALVO
5821,CAMBE
5822,CAMPA
5823,CANTA
5824,CANZA
5825,CAPIM
5826,CAQUI
5827,CARAI
5828,CARAS
5829,CARNE
5830,CASCA
5831,CATAR
5832,CEARA
5833,CEDEM
5834,CEDES
5835,CELSA
5836,CELSO
5837,CENTI
5838,CESAR
5839,LISTA
5840,PROXI
5841,PALAV
5842,DE VO
5843,40399
5844,26603
5845,16234
5846,5763 
5847,11555
5848,8076 
5849,SABER
5850,PRIVA
5851,INFOR
5852,LISTA
5853,PROCU
5854,CHALE
5855,CHARL
5856,CHATO
5857,CHAVE
5858,CHIBE
5859,CHICA
5860,CHICO
5861,CHINA
5862,CHINO
5863,CHOCA
5864,CHORO
5865,CHUCA
5866,CIANO
5867,CIBER
5868,CISNE
5869,CITAS
5870,CLARA
5871,CLARO
5872,COARA
5873,COBRA
5874,COCAR
5875,CODEO
5876,COINA
5877,COIRA
5878,COITO
5879,CONDE
5880,COPIA
5881,CORVO
5882,COSMO
5883,COSTA
5884,COURA
5885,COUTO
5886,COVID
5887,COXIM
5888,CROCA
5889,CUITE
5890,CUNHA
5891,CURIO
5892,CUSCO
5893,CUTIA
5894,D'AGU
5895,DAIME
5896,DANCA
5897,DARIA
5898,DARIO
5899,DATAS
5900,LISTA
5901,PROXI
5902,PALAV
5903,DE VO
5904,40399
5905,26603
5906,16234
5907,5763 
5908,11555
5909,8076 
5910,SABER
5911,PRIVA
5912,INFOR
5913,LISTA
5914,PROCU
5915,DEJET
5916,DELTA
5917,DEMOS
5918,DERMA
5919,DERME
5920,DIABO
5921,DIESE
5922,DILUI
5923,DIOGO
5924,DIVAS
5925,DIVOS
5926,DOARA
5927,DODOS
5928,DOERA
5929,DOIDA
5930,DOIDO
5931,DOIRO
5932,DOURO
5933,DULCI
5934,EBOLA
5935,EDEIA
5936,EDITO
5937,EIRAS
5938,EMAIL
5939,ENJOO
5940,ESTER
5941,XODO
5942,FAIAL
5943,FAINA
5944,FARAO
5945,FAROL
5946,LISTA
5947,PROXI
5948,PALAV
5949,DE VO
5950,40399
5951,26603
5952,16234
5953,5763 
5954,11555
5955,8076 
5956,SABER
5957,PRIVA
5958,INFOR
5959,LISTA
5960,PROCU
5961,FELIZ
5962,FEMUR
5963,FENIX
5964,FENTO
5965,FERIA
5966,FERRA
5967,FILHO
5968,FINAL
5969,FINIT
5970,FIRMA
5971,FIRMO
5972,FLAVA
5973,FLAVO
5974,FLORA
5975,FLORO
5976,FOBIA
5977,FOCAR
5978,FOLIA
5979,FORCA
5980,FORME
5981,FORRO
5982,FROTA
5983,FULVA
5984,FULVO
5985,FUNAI
5986,FUSCI
5987,GABAO
5988,GALES
5989,GALIA
5990,GAMAS
5991,GAMBA
5992,GAMIA
5993,GANHO
5994,GARCA
5995,GATOS
5996,GEMEO
5997,GENIO
5998,GLACE
5999,GONIS
6000,GRACA
6001,LISTA
6002,PROXI
6003,PALAV
6004,DE VO
6005,40399
6006,26603
6007,16234
6008,5763 
6009,11555
6010,8076 
6011,SABER
6012,PRIVA
6013,INFOR
6014,LISTA
6015,PROCU
6016,GRADO
6017,GRAFO
6018,GRECO
6019,GROLO
6020,GUAPO
6021,GUARA
6022,GUINE
6023,HADES
6024,HAGIO
6025,HAUCA
6026,HAVAI
6027,HECTO
6028,HEDON
6029,HELIO
6030,HEPTA
6031,HIDRO
6032,HINDI
6033,HIPER
6034,HOMEM
6035,HORAS
6036,HORTA
6037,IDADE
6038,IDEIA
6039,IEMEM
6040,IEMEN
6041,IMPAR
6042,INDIA
6043,INDIO
6044,INFRA
6045,INTRA
6046,IOCTO
6047,IPIRA
6048,IPORA
6049,IRARA
6050,ISCNO
6051,ITALA
6052,ITALO
6053,JACIS
6054,JANIO
6055,JAPAO
6056,JAQUE
6057,JESUS
6058,JIADE
6059,JIHAD
6060,JOIAS
6061,JUDAS
6062,JULHO
6063,JULIA
6064,JULIO
6065,JUNHO
6066,LISTA
6067,PROXI
6068,PALAV
6069,DE VO
6070,40399
6071,26603
6072,16234
6073,5763 
6074,11555
6075,8076 
6076,SABER
6077,PRIVA
6078,INFOR
6079,LISTA
6080,PROCU
6081,LACAR
6082,LAGOA
6083,LAPAO
6084,LAPIA
6085,LAUDA
6086,LAUDO
6087,LAURA
6088,LAURO
6089,LEBRE
6090,LEDAS
6091,LEDOS
6092,LEITE
6093,LEMES
6094,LEUCO
6095,LIARA
6096,LIBER
6097,LIBRA
6098,LINCE
6099,LIRAS
6100,LIRIO
6101,LOCUS
6102,LOGIN
6103,LOGOS
6104,LOMBA
6105,LOUCA
6106,LOUCO
6107,LOUSA
6108,LUARA
6109,LUCIA
6110,LUCIO
6111,LUZES
6112,LUZIA
6113,MACAO
6114,MACAU
6115,MACUA
6116,MAFRA
6117,MAGNA
6118,MAGNO
6119,MAGOA
6120,MAIOS
6121,MALES
6122,MALHO
6123,MALTA
6124,MALUS
6125,MALVA
6126,LISTA
6127,PROXI
6128,PALAV
6129,DE VO
6130,40399
6131,26603
6132,16234
6133,5763 
6134,11555
6135,8076 
6136,SABER
6137,PRIVA
6138,INFOR
6139,LISTA
6140,PROCU
6141,MANDE
6142,MANES
6143,MANGA
6144,MANHA
6145,MANIA
6146,MANTO
6147,MARAS
6148,MARAU
6149,MARCA
6150,MARCO
6151,MARES
6152,MARIA
6153,MARIO
6154,MAROS
6155,MARRA
6156,MARTA
6157,MEDIA
6158,MENTE
6159,MENTO
6160,METRO
6161,MIARA
6162,MICHE
6163,MICRO
6164,MILHA
6165,MINIX
6166,MIRAI
6167,MIXER
6168,MOCAR
6169,MOEDA
6170,MOERA
6171,MOICO
6172,MOITA
6173,MOSCA
6174,MOUCO
6175,MOURA
6176,MOVEL
6177,MUCUM
6178,MURCA
6179,N'AGU
6180,NATAL
6181,NECRO
6182,NEFRO
6183,NELAS
6184,NEVES
6185,LISTA
6186,PROXI
6187,PALAV
6188,DE VO
6189,40399
6190,26603
6191,16234
6192,5763 
6193,11555
6194,8076 
6195,SABER
6196,PRIVA
6197,INFOR
6198,LISTA
6199,PROCU
6200,NIVEA
6201,NIVEO
6202,NIVER
6203,NOBEL
6204,NOIVA
6205,NOIVO
6206,NONOS
6207,NORMA
6208,NUBIA
6209,NUBIO
6210,NUPER
6211,OBOLO
6212,OFURO
6213,OLIVA
6214,OLIVO
6215,OMEGA
6216,ORARA
6217,ORION
6218,ORIXA
6219,OSCAR
6220,OSMAR
6221,OUREM
6222,OXALA
6223,OXIDO
6224,PALIO
6225,PALMA
6226,PALU'
6227,PANCA
6228,PARAI
6229,PAREO
6230,PASTO
6231,PATIA
6232,PATOS
6233,PATRI
6234,PAULA
6235,PAVAO
6236,PEDRA
6237,PEIXE
6238,PELAI
6239,PELOS
6240,PENHA
6241,PENIS
6242,PEQUI
6243,PERAS
6244,PERLA
6245,PERLO
6246,LISTA
6247,PROXI
6248,PALAV
6249,DE VO
6250,40399
6251,26603
6252,16234
6253,5763 
6254,11555
6255,8076 
6256,SABER
6257,PRIVA
6258,INFOR
6259,LISTA
6260,PROCU
6261,PIARA
6262,PILAR
6263,PINTO
6264,PIRES
6265,PISCI
6266,PIXEL
6267,PLURI
6268,POETA
6269,POGON
6270,POLOS
6271,POMBA
6272,PONEI
6273,POPOS
6274,PORNO
6275,PORRI
6276,PORTA
6277,PORTO
6278,POSSE
6279,POTRO
6280,PRADO
6281,PRAGA
6282,PRAIA
6283,PRATA
6284,PRATO
6285,PRONA
6286,PSICO
6287,QUEDE
6288,QUILO
6289,QUINA
6290,RADIO
6291,RAMOS
6292,RANCO
6293,RECUA
6294,REGIA
6295,LISTA
6296,PROXI
6297,PALAV
6298,DE VO
6299,40399
6300,26603
6301,16234
6302,5763 
6303,11555
6304,8076 
6305,SABER
6306,PRIVA
6307,INFOR
6308,LISTA
6309,PROCU
6310,REGIO
6311,REMOI
6312,RENIO
6313,RETRO
6314,RITOS
6315,ROCAR
6316,ROCAS
6317,ROCIO
6318,RODES
6319,ROMAO
6320,ROMAS
6321,ROSAS
6322,RUBIA
6323,RUBIM
6324,RUIDO
6325,SABIA
6326,SALES
6327,SALTO
6328,SALVA
6329,SALVO
6330,SANJA
6331,SANTA
6332,SANTO
6333,SAQUE
6334,SARAS
6335,SAROS
6336,SARTA
6337,SATAO
6338,SAUDE
6339,SCIFI
6340,SEARA
6341,SEITA
6342,SEMEN
6343,SEMIS
6344,SENAO
6345,SENIO
6346,SERIA
6347,SERIO
6348,SERRA
6349,SERRO
6350,SERTA
6351,SEXTI
6352,LISTA
6353,PROXI
6354,PALAV
6355,DE VO
6356,40399
6357,26603
6358,16234
6359,5763 
6360,11555
6361,8076 
6362,SABER
6363,PRIVA
6364,INFOR
6365,LISTA
6366,PROCU
6367,SILVA
6368,SIMAO
6369,SIRIA
6370,SOARA
6371,SOBRE
6372,SOERA
6373,SOFIA
6374,SOROR
6375,SOUSA
6376,SOUZA
6377,SUBST
6378,SUCRE
6379,SUICA
6380,SUPER
6381,SUTIL
6382,TABUA
6383,TAINA
6384,TALES
6385,TALIA
6386,TALIM
6387,TALIO
6388,TANTA
6389,TAPES
6390,TAQUI
6391,TAURO
6392,TELAS
6393,TELES
6394,TELHA
6395,TENCA
6396,TENIS
6397,TENUE
6398,TENUI
6399,TERCO
6400,TERMO
6401,TERRA
6402,TIETE
6403,TIMAO
6404,TIMBO
6405,TINGE
6406,LISTA
6407,PROXI
6408,PALAV
6409,DE VO
6410,40399
6411,26603
6412,16234
6413,5763 
6414,11555
6415,8076 
6416,SABER
6417,PRIVA
6418,INFOR
6419,LISTA
6420,PROCU
6421,TIROS
6422,TOIRO
6423,TOMAR
6424,TOMAS
6425,TOMES
6426,TONER
6427,TONGA
6428,TOUCA
6429,TOURO
6430,TRANS
6431,TRENO
6432,TROCA
6433,TROCO
6434,TROIA
6435,TULIO
6436,TUPAS
6437,TURVO
6438,ULTRA
6439,UNIAO
6440,URANO
6441,URUPA
6442,USARA
6443,VARIA
6444,VARIO
6445,VASCO
6446,VAZES
6447,VEIGA
6448,VELAI
6449,VELAS
6450,VENIA
6451,VENUS
6452,VERAO
6453,VERAS
6454,VERBO
6455,VEROS
6456,LISTA
6457,PROXI
6458,PALAV
6459,DE VO
6460,40399
6461,26603
6462,16234
6463,5763 
6464,11555
6465,8076 
6466,SABER
6467,PRIVA
6468,INFOR
6469,LISTA
6470,PROCU
6471,VIGIA
6472,VIRAS
6473,VOLEI
6474,VOMER
6475,XARIA
6476,XAXIM
6477,XENON
6478,XEREZ
6479,XEROX
6480,XISTO
6481,ZAMBI
6482,ZEPTO
6483,ZOICO
6484,ZUMBI
6485,LISTA
6486,PROXI
6487,PALAV
6488,DE VO
6489,40399
6490,26603
6491,16234
6492,5763 
6493,11555
6494,8076 
6495,SABER
6496,PRIVA
6497,INFOR
